mockup_id,page_id,state_id,surface,page_name,state_name,canonical_canvas,relative_path,status,sha256,approved_by,approved_at,visual_scope,functional_scope,feature_ids,notes,visual_kind,parent_page_id,screen_signature,duplicate_audit
YL-A-018-S01_LOADING,YL-A-018,YL-A-018-S01_LOADING,ANDROID,首页,加载中,1080x2400,ui/mockups/android/YL-A-018/YL-A-018-S01_LOADING.png,APPROVED_FOR_CHANGE_ORDER_IMPLEMENTATION,22f273fec7e8cd306b4972817eacdb3b421fbfa83d03d47a28173a8de2799abb,OWNER_REQUESTED_CO_P03_001,2026-08-10T00:00:00+08:00,layout|spacing|typography|color|component_geometry|visible_state,NONE; functionality comes from Feature IDs and CO-P03-001 contracts,P03-048|P03-049|P03-050|P03-051|P03-052,Supersedes V1.6 visual for this state. Consumer copy contains no raw technical status.,PAGE,,9505a4626a3b55ba,PASS
YL-A-018-S02_POPULATED,YL-A-018,YL-A-018-S02_POPULATED,ANDROID,首页,有数据,1080x2400,ui/mockups/android/YL-A-018/YL-A-018-S02_POPULATED.png,APPROVED_FOR_CHANGE_ORDER_IMPLEMENTATION,fafb2e9f6bcfd262d10ec781aa03bb3ef8d04b894de83b9c605a77c5c0598bff,OWNER_REQUESTED_CO_P03_001,2026-08-10T00:00:00+08:00,layout|spacing|typography|color|component_geometry|visible_state,NONE; functionality comes from Feature IDs and CO-P03-001 contracts,P03-048|P03-049|P03-050|P03-051|P03-052,Supersedes V1.6 visual for this state. Consumer copy contains no raw technical status.,PAGE,,9505a4626a3b55ba,PASS
YL-A-018-S03_EMPTY,YL-A-018,YL-A-018-S03_EMPTY,ANDROID,首页,无历史会话,1080x2400,ui/mockups/android/YL-A-018/YL-A-018-S03_EMPTY.png,APPROVED_FOR_CHANGE_ORDER_IMPLEMENTATION,e76fab9d09386ccb5d01c26ee244e5c882cd782860af45e4a17a795e38d5ab26,OWNER_REQUESTED_CO_P03_001,2026-08-10T00:00:00+08:00,layout|spacing|typography|color|component_geometry|visible_state,NONE; functionality comes from Feature IDs and CO-P03-001 contracts,P03-048|P03-049|P03-050|P03-051|P03-052,Supersedes V1.6 visual for this state. Consumer copy contains no raw technical status.,PAGE,,9505a4626a3b55ba,PASS
YL-A-018-S04_REFRESHING,YL-A-018,YL-A-018-S04_REFRESHING,ANDROID,首页,更新中,1080x2400,ui/mockups/android/YL-A-018/YL-A-018-S04_REFRESHING.png,APPROVED_FOR_CHANGE_ORDER_IMPLEMENTATION,2452535c59db4a6f28e2bb1e7056e4594c3cb28169d77f91c3bbd8ad54386dd1,OWNER_REQUESTED_CO_P03_001,2026-08-10T00:00:00+08:00,layout|spacing|typography|color|component_geometry|visible_state,NONE; functionality comes from Feature IDs and CO-P03-001 contracts,P03-048|P03-049|P03-050|P03-051|P03-052,Supersedes V1.6 visual for this state. Consumer copy contains no raw technical status.,PAGE,,9505a4626a3b55ba,PASS
YL-A-018-S05_OFFLINE_CACHE,YL-A-018,YL-A-018-S05_OFFLINE_CACHE,ANDROID,首页,离线缓存,1080x2400,ui/mockups/android/YL-A-018/YL-A-018-S05_OFFLINE_CACHE.png,APPROVED_FOR_CHANGE_ORDER_IMPLEMENTATION,63938de82b08ee7987a6394ad6d9a2dd078f161fe9b0216757e191aa23c12201,OWNER_REQUESTED_CO_P03_001,2026-08-10T00:00:00+08:00,layout|spacing|typography|color|component_geometry|visible_state,NONE; functionality comes from Feature IDs and CO-P03-001 contracts,P03-048|P03-049|P03-050|P03-051|P03-052,Supersedes V1.6 visual for this state. Consumer copy contains no raw technical status.,PAGE,,9505a4626a3b55ba,PASS
YL-A-018-S06_NETWORK_ERROR,YL-A-018,YL-A-018-S06_NETWORK_ERROR,ANDROID,首页,网络不可用,1080x2400,ui/mockups/android/YL-A-018/YL-A-018-S06_NETWORK_ERROR.png,APPROVED_FOR_CHANGE_ORDER_IMPLEMENTATION,5b79340121a9a96ec624a85662ae94a11891f05e09a8597263bd2f180b312377,OWNER_REQUESTED_CO_P03_001,2026-08-10T00:00:00+08:00,layout|spacing|typography|color|component_geometry|visible_state,NONE; functionality comes from Feature IDs and CO-P03-001 contracts,P03-048|P03-049|P03-050|P03-051|P03-052,Supersedes V1.6 visual for this state. Consumer copy contains no raw technical status.,PAGE,,9505a4626a3b55ba,PASS
YL-A-018-S07_SERVICE_DEGRADED,YL-A-018,YL-A-018-S07_SERVICE_DEGRADED,ANDROID,首页,部分能力不可用,1080x2400,ui/mockups/android/YL-A-018/YL-A-018-S07_SERVICE_DEGRADED.png,APPROVED_FOR_CHANGE_ORDER_IMPLEMENTATION,cc7f2240f9949460bfe8d2f56958633d75d343c957a6940a0ee4c02edb54b453,OWNER_REQUESTED_CO_P03_001,2026-08-10T00:00:00+08:00,layout|spacing|typography|color|component_geometry|visible_state,NONE; functionality comes from Feature IDs and CO-P03-001 contracts,P03-048|P03-049|P03-050|P03-051|P03-052,Supersedes V1.6 visual for this state. Consumer copy contains no raw technical status.,PAGE,,9505a4626a3b55ba,PASS
YL-A-020-S01_LOADING,YL-A-020,YL-A-020-S01_LOADING,ANDROID,会话抽屉,加载中,1080x2400,ui/mockups/android/YL-A-020/YL-A-020-S01_LOADING.png,APPROVED_FOR_CHANGE_ORDER_IMPLEMENTATION_R1,e3e71951070c04d4bf3775ff16f5273c7a2f207fa56401d32c3c84de24fea40e,OWNER_REQUESTED_CO_P03_001_R1,2026-08-10T00:00:00+08:00,layout|spacing|typography|color|component_geometry|visible_state,NONE; functionality comes from Feature IDs and CO-P03-001 contracts,P03-003|P03-004|P03-044|P03-045,Supersedes V1.6 and the first CO-P03-001 drawer render. Parent page is visible under 32% scrim; opaque black rails are forbidden.,OVERLAY,YL-A-018,d9b68c34e8af6142,PASS
YL-A-020-S02_POPULATED,YL-A-020,YL-A-020-S02_POPULATED,ANDROID,会话抽屉,有数据,1080x2400,ui/mockups/android/YL-A-020/YL-A-020-S02_POPULATED.png,APPROVED_FOR_CHANGE_ORDER_IMPLEMENTATION_R1,a91eb2a389108860bca9d6166320095b8cebe8febbcb4804fc5cf4b98e9ad759,OWNER_REQUESTED_CO_P03_001_R1,2026-08-10T00:00:00+08:00,layout|spacing|typography|color|component_geometry|visible_state,NONE; functionality comes from Feature IDs and CO-P03-001 contracts,P03-003|P03-004|P03-044|P03-045,Supersedes V1.6 and the first CO-P03-001 drawer render. Parent page is visible under 32% scrim; opaque black rails are forbidden.,OVERLAY,YL-A-018,d9b68c34e8af6142,PASS
YL-A-020-S03_EMPTY,YL-A-020,YL-A-020-S03_EMPTY,ANDROID,会话抽屉,空数据,1080x2400,ui/mockups/android/YL-A-020/YL-A-020-S03_EMPTY.png,APPROVED_FOR_CHANGE_ORDER_IMPLEMENTATION_R1,a26ae5220ed7f7ffdd0d07e928a8e17617a188d8120a1808036d7ac3f6238d9b,OWNER_REQUESTED_CO_P03_001_R1,2026-08-10T00:00:00+08:00,layout|spacing|typography|color|component_geometry|visible_state,NONE; functionality comes from Feature IDs and CO-P03-001 contracts,P03-003|P03-004|P03-044|P03-045,Supersedes V1.6 and the first CO-P03-001 drawer render. Parent page is visible under 32% scrim; opaque black rails are forbidden.,OVERLAY,YL-A-018,d9b68c34e8af6142,PASS
YL-A-020-S04_REFRESHING,YL-A-020,YL-A-020-S04_REFRESHING,ANDROID,会话抽屉,刷新中,1080x2400,ui/mockups/android/YL-A-020/YL-A-020-S04_REFRESHING.png,APPROVED_FOR_CHANGE_ORDER_IMPLEMENTATION_R1,837dd57b999bd6294a5330a4be672aeb2a5c79fd41d655548eac723b21e1a80b,OWNER_REQUESTED_CO_P03_001_R1,2026-08-10T00:00:00+08:00,layout|spacing|typography|color|component_geometry|visible_state,NONE; functionality comes from Feature IDs and CO-P03-001 contracts,P03-003|P03-004|P03-044|P03-045,Supersedes V1.6 and the first CO-P03-001 drawer render. Parent page is visible under 32% scrim; opaque black rails are forbidden.,OVERLAY,YL-A-018,d9b68c34e8af6142,PASS
YL-A-020-S05_FILTER_ACTIVE,YL-A-020,YL-A-020-S05_FILTER_ACTIVE,ANDROID,会话抽屉,搜索结果,1080x2400,ui/mockups/android/YL-A-020/YL-A-020-S05_FILTER_ACTIVE.png,APPROVED_FOR_CHANGE_ORDER_IMPLEMENTATION_R1,f5b9d6759daa3894e514c2ed0616cb2e46ab9ad476cf640d173e1250dc5c8c9d,OWNER_REQUESTED_CO_P03_001_R1,2026-08-10T00:00:00+08:00,layout|spacing|typography|color|component_geometry|visible_state,NONE; functionality comes from Feature IDs and CO-P03-001 contracts,P03-003|P03-004|P03-044|P03-045,Supersedes V1.6 and the first CO-P03-001 drawer render. Parent page is visible under 32% scrim; opaque black rails are forbidden.,OVERLAY,YL-A-018,d9b68c34e8af6142,PASS
YL-A-020-S06_OFFLINE_CACHE,YL-A-020,YL-A-020-S06_OFFLINE_CACHE,ANDROID,会话抽屉,离线缓存,1080x2400,ui/mockups/android/YL-A-020/YL-A-020-S06_OFFLINE_CACHE.png,APPROVED_FOR_CHANGE_ORDER_IMPLEMENTATION_R1,0fbaa249f4e2795b9b133d5685cabd3556622f2f5864ea3a053064d29ac487ee,OWNER_REQUESTED_CO_P03_001_R1,2026-08-10T00:00:00+08:00,layout|spacing|typography|color|component_geometry|visible_state,NONE; functionality comes from Feature IDs and CO-P03-001 contracts,P03-003|P03-004|P03-044|P03-045,Supersedes V1.6 and the first CO-P03-001 drawer render. Parent page is visible under 32% scrim; opaque black rails are forbidden.,OVERLAY,YL-A-018,d9b68c34e8af6142,PASS
YL-A-020-S07_NETWORK_ERROR,YL-A-020,YL-A-020-S07_NETWORK_ERROR,ANDROID,会话抽屉,网络不可用,1080x2400,ui/mockups/android/YL-A-020/YL-A-020-S07_NETWORK_ERROR.png,APPROVED_FOR_CHANGE_ORDER_IMPLEMENTATION_R1,f0ee4b8124731e13c2417b7f34fc2c66bffceb5cef240230e02dcdb1f36c084f,OWNER_REQUESTED_CO_P03_001_R1,2026-08-10T00:00:00+08:00,layout|spacing|typography|color|component_geometry|visible_state,NONE; functionality comes from Feature IDs and CO-P03-001 contracts,P03-003|P03-004|P03-044|P03-045,Supersedes V1.6 and the first CO-P03-001 drawer render. Parent page is visible under 32% scrim; opaque black rails are forbidden.,OVERLAY,YL-A-018,d9b68c34e8af6142,PASS
YL-A-020-S08_SERVER_ERROR,YL-A-020,YL-A-020-S08_SERVER_ERROR,ANDROID,会话抽屉,暂时无法加载,1080x2400,ui/mockups/android/YL-A-020/YL-A-020-S08_SERVER_ERROR.png,APPROVED_FOR_CHANGE_ORDER_IMPLEMENTATION_R1,c5534d7320318506f57043df5f8fd24217500dca870686dfd19b532564ca9a47,OWNER_REQUESTED_CO_P03_001_R1,2026-08-10T00:00:00+08:00,layout|spacing|typography|color|component_geometry|visible_state,NONE; functionality comes from Feature IDs and CO-P03-001 contracts,P03-003|P03-004|P03-044|P03-045,Supersedes V1.6 and the first CO-P03-001 drawer render. Parent page is visible under 32% scrim; opaque black rails are forbidden.,OVERLAY,YL-A-018,d9b68c34e8af6142,PASS
YL-A-020-S09_PERMISSION_DENIED,YL-A-020,YL-A-020-S09_PERMISSION_DENIED,ANDROID,会话抽屉,登录失效,1080x2400,ui/mockups/android/YL-A-020/YL-A-020-S09_PERMISSION_DENIED.png,APPROVED_FOR_CHANGE_ORDER_IMPLEMENTATION_R1,0dcd485e7485e7e6c6a965c64431ad72a092daf02ff6f9a8738b7d5fd7db9975,OWNER_REQUESTED_CO_P03_001_R1,2026-08-10T00:00:00+08:00,layout|spacing|typography|color|component_geometry|visible_state,NONE; functionality comes from Feature IDs and CO-P03-001 contracts,P03-003|P03-004|P03-044|P03-045,Supersedes V1.6 and the first CO-P03-001 drawer render. Parent page is visible under 32% scrim; opaque black rails are forbidden.,OVERLAY,YL-A-018,d9b68c34e8af6142,PASS
YL-A-023-S01_DEFAULT,YL-A-023,YL-A-023-S01_DEFAULT,ANDROID,会话页,空白会话,1080x2400,ui/mockups/android/YL-A-023/YL-A-023-S01_DEFAULT.png,APPROVED_FOR_CHANGE_ORDER_IMPLEMENTATION,92f6bdc95eaae19c0439cfcff567cc443ac8e7bfea3722c078103b441d02746d,OWNER_REQUESTED_CO_P03_001,2026-08-10T00:00:00+08:00,layout|spacing|typography|color|component_geometry|visible_state,NONE; functionality comes from Feature IDs and CO-P03-001 contracts,P03-036|P03-037|P03-038|P03-039|P03-040|P03-041|P03-042|P03-043|P03-044|P03-047|P03-053|P03-054,Supersedes V1.6 visual for this state. Consumer copy contains no raw technical status.,PAGE,,d54a37fe83ef7061,PASS
YL-A-023-S02_INPUT_FOCUSED,YL-A-023,YL-A-023-S02_INPUT_FOCUSED,ANDROID,会话页,输入中,1080x2400,ui/mockups/android/YL-A-023/YL-A-023-S02_INPUT_FOCUSED.png,APPROVED_FOR_CHANGE_ORDER_IMPLEMENTATION,ff9d45dd7f1f219f18257266f516c05e63123f386e04e0aff863a37a704fd8cd,OWNER_REQUESTED_CO_P03_001,2026-08-10T00:00:00+08:00,layout|spacing|typography|color|component_geometry|visible_state,NONE; functionality comes from Feature IDs and CO-P03-001 contracts,P03-036|P03-037|P03-038|P03-039|P03-040|P03-041|P03-042|P03-043|P03-044|P03-047|P03-053|P03-054,Supersedes V1.6 visual for this state. Consumer copy contains no raw technical status.,PAGE,,d54a37fe83ef7061,PASS
YL-A-023-S03_UPLOADING,YL-A-023,YL-A-023-S03_UPLOADING,ANDROID,会话页,附件已加入,1080x2400,ui/mockups/android/YL-A-023/YL-A-023-S03_UPLOADING.png,APPROVED_FOR_CHANGE_ORDER_IMPLEMENTATION,6ede3d2f038fd41ba314eac9b7fb73f85954656128a3b76c3e9a9b9fcbfac410,OWNER_REQUESTED_CO_P03_001,2026-08-10T00:00:00+08:00,layout|spacing|typography|color|component_geometry|visible_state,NONE; functionality comes from Feature IDs and CO-P03-001 contracts,P03-036|P03-037|P03-038|P03-039|P03-040|P03-041|P03-042|P03-043|P03-044|P03-047|P03-053|P03-054,Supersedes V1.6 visual for this state. Consumer copy contains no raw technical status.,PAGE,,d54a37fe83ef7061,PASS
YL-A-023-S04_CONNECTING,YL-A-023,YL-A-023-S04_CONNECTING,ANDROID,会话页,正在思考,1080x2400,ui/mockups/android/YL-A-023/YL-A-023-S04_CONNECTING.png,APPROVED_FOR_CHANGE_ORDER_IMPLEMENTATION,22159e6174ec47f60640f3a4720b5139e96ba9e5ebb544c0ca3bc8db6619ddfa,OWNER_REQUESTED_CO_P03_001,2026-08-10T00:00:00+08:00,layout|spacing|typography|color|component_geometry|visible_state,NONE; functionality comes from Feature IDs and CO-P03-001 contracts,P03-036|P03-037|P03-038|P03-039|P03-040|P03-041|P03-042|P03-043|P03-044|P03-047|P03-053|P03-054,Supersedes V1.6 visual for this state. Consumer copy contains no raw technical status.,PAGE,,d54a37fe83ef7061,PASS
YL-A-023-S05_STREAMING,YL-A-023,YL-A-023-S05_STREAMING,ANDROID,会话页,正在生成,1080x2400,ui/mockups/android/YL-A-023/YL-A-023-S05_STREAMING.png,APPROVED_FOR_CHANGE_ORDER_IMPLEMENTATION,bfd08c8dbb82db2628a8545ea60c79f129ef9e71d9201efa8fd58dcdeee072b5,OWNER_REQUESTED_CO_P03_001,2026-08-10T00:00:00+08:00,layout|spacing|typography|color|component_geometry|visible_state,NONE; functionality comes from Feature IDs and CO-P03-001 contracts,P03-036|P03-037|P03-038|P03-039|P03-040|P03-041|P03-042|P03-043|P03-044|P03-047|P03-053|P03-054,Supersedes V1.6 visual for this state. Consumer copy contains no raw technical status.,PAGE,,d54a37fe83ef7061,PASS
YL-A-023-S06_TOOL_RUNNING,YL-A-023,YL-A-023-S06_TOOL_RUNNING,ANDROID,会话页,正在使用工具,1080x2400,ui/mockups/android/YL-A-023/YL-A-023-S06_TOOL_RUNNING.png,APPROVED_FOR_CHANGE_ORDER_IMPLEMENTATION,0a288d394fe95dd006ea3246cb1154f2f2d648aed33be94dedd9634e0e9394c2,OWNER_REQUESTED_CO_P03_001,2026-08-10T00:00:00+08:00,layout|spacing|typography|color|component_geometry|visible_state,NONE; functionality comes from Feature IDs and CO-P03-001 contracts,P03-036|P03-037|P03-038|P03-039|P03-040|P03-041|P03-042|P03-043|P03-044|P03-047|P03-053|P03-054,Supersedes V1.6 visual for this state. Consumer copy contains no raw technical status.,PAGE,,d54a37fe83ef7061,PASS
YL-A-023-S07_COMPLETED,YL-A-023,YL-A-023-S07_COMPLETED,ANDROID,会话页,回答完成,1080x2400,ui/mockups/android/YL-A-023/YL-A-023-S07_COMPLETED.png,APPROVED_FOR_CHANGE_ORDER_IMPLEMENTATION,970a283bbc09ab6f9dab1bea25363e6ec2ed95e00a0e115aad89ba404b87b584,OWNER_REQUESTED_CO_P03_001,2026-08-10T00:00:00+08:00,layout|spacing|typography|color|component_geometry|visible_state,NONE; functionality comes from Feature IDs and CO-P03-001 contracts,P03-036|P03-037|P03-038|P03-039|P03-040|P03-041|P03-042|P03-043|P03-044|P03-047|P03-053|P03-054,Supersedes V1.6 visual for this state. Consumer copy contains no raw technical status.,PAGE,,d54a37fe83ef7061,PASS
YL-A-023-S08_STOPPED,YL-A-023,YL-A-023-S08_STOPPED,ANDROID,会话页,已停止,1080x2400,ui/mockups/android/YL-A-023/YL-A-023-S08_STOPPED.png,APPROVED_FOR_CHANGE_ORDER_IMPLEMENTATION,a322983b46eacbb5bd1ffc5da70b8a50bbf564274eb277cb6e27a12745d2a88c,OWNER_REQUESTED_CO_P03_001,2026-08-10T00:00:00+08:00,layout|spacing|typography|color|component_geometry|visible_state,NONE; functionality comes from Feature IDs and CO-P03-001 contracts,P03-036|P03-037|P03-038|P03-039|P03-040|P03-041|P03-042|P03-043|P03-044|P03-047|P03-053|P03-054,Supersedes V1.6 visual for this state. Consumer copy contains no raw technical status.,PAGE,,d54a37fe83ef7061,PASS
YL-A-023-S09_RECONNECTING,YL-A-023,YL-A-023-S09_RECONNECTING,ANDROID,会话页,正在恢复连接,1080x2400,ui/mockups/android/YL-A-023/YL-A-023-S09_RECONNECTING.png,APPROVED_FOR_CHANGE_ORDER_IMPLEMENTATION,083a3528e15ee8d6900dd1fa8e715db5acab7fbd9e95fdf2f6d2c3a66bba74a4,OWNER_REQUESTED_CO_P03_001,2026-08-10T00:00:00+08:00,layout|spacing|typography|color|component_geometry|visible_state,NONE; functionality comes from Feature IDs and CO-P03-001 contracts,P03-036|P03-037|P03-038|P03-039|P03-040|P03-041|P03-042|P03-043|P03-044|P03-047|P03-053|P03-054,Supersedes V1.6 visual for this state. Consumer copy contains no raw technical status.,PAGE,,d54a37fe83ef7061,PASS
YL-A-023-S10_OFFLINE,YL-A-023,YL-A-023-S10_OFFLINE,ANDROID,会话页,网络不可用,1080x2400,ui/mockups/android/YL-A-023/YL-A-023-S10_OFFLINE.png,APPROVED_FOR_CHANGE_ORDER_IMPLEMENTATION,40fcb7d334dbfeeb4d924c156c16e6d00ecb0e1e39e9c855d4e9a907c4ac8299,OWNER_REQUESTED_CO_P03_001,2026-08-10T00:00:00+08:00,layout|spacing|typography|color|component_geometry|visible_state,NONE; functionality comes from Feature IDs and CO-P03-001 contracts,P03-036|P03-037|P03-038|P03-039|P03-040|P03-041|P03-042|P03-043|P03-044|P03-047|P03-053|P03-054,Supersedes V1.6 visual for this state. Consumer copy contains no raw technical status.,PAGE,,d54a37fe83ef7061,PASS
YL-A-023-S11_RATE_LIMITED,YL-A-023,YL-A-023-S11_RATE_LIMITED,ANDROID,会话页,请求较多,1080x2400,ui/mockups/android/YL-A-023/YL-A-023-S11_RATE_LIMITED.png,APPROVED_FOR_CHANGE_ORDER_IMPLEMENTATION,42c6e5146a0312717f0d54f744469f2040782de7b789ca75007f26417b599e2e,OWNER_REQUESTED_CO_P03_001,2026-08-10T00:00:00+08:00,layout|spacing|typography|color|component_geometry|visible_state,NONE; functionality comes from Feature IDs and CO-P03-001 contracts,P03-036|P03-037|P03-038|P03-039|P03-040|P03-041|P03-042|P03-043|P03-044|P03-047|P03-053|P03-054,Supersedes V1.6 visual for this state. Consumer copy contains no raw technical status.,PAGE,,d54a37fe83ef7061,PASS
YL-A-023-S12_PROVIDER_ERROR,YL-A-023,YL-A-023-S12_PROVIDER_ERROR,ANDROID,会话页,回答失败,1080x2400,ui/mockups/android/YL-A-023/YL-A-023-S12_PROVIDER_ERROR.png,APPROVED_FOR_CHANGE_ORDER_IMPLEMENTATION,fa8c1e8d8efed718009a4d93a5ea480767c5aefc196f3b0ee77aa9d03a7410d6,OWNER_REQUESTED_CO_P03_001,2026-08-10T00:00:00+08:00,layout|spacing|typography|color|component_geometry|visible_state,NONE; functionality comes from Feature IDs and CO-P03-001 contracts,P03-036|P03-037|P03-038|P03-039|P03-040|P03-041|P03-042|P03-043|P03-044|P03-047|P03-053|P03-054,Supersedes V1.6 visual for this state. Consumer copy contains no raw technical status.,PAGE,,d54a37fe83ef7061,PASS
YL-A-023-S13_CONTENT_BLOCKED,YL-A-023,YL-A-023-S13_CONTENT_BLOCKED,ANDROID,会话页,请求无法处理,1080x2400,ui/mockups/android/YL-A-023/YL-A-023-S13_CONTENT_BLOCKED.png,APPROVED_FOR_CHANGE_ORDER_IMPLEMENTATION,e467f649a14e438761af6b93244e77da96e6362303b2c78ac0b5d68ed85e8218,OWNER_REQUESTED_CO_P03_001,2026-08-10T00:00:00+08:00,layout|spacing|typography|color|component_geometry|visible_state,NONE; functionality comes from Feature IDs and CO-P03-001 contracts,P03-036|P03-037|P03-038|P03-039|P03-040|P03-041|P03-042|P03-043|P03-044|P03-047|P03-053|P03-054,Supersedes V1.6 visual for this state. Consumer copy contains no raw technical status.,PAGE,,d54a37fe83ef7061,PASS
YL-A-024-S01_DEFAULT,YL-A-024,YL-A-024-S01_DEFAULT,ANDROID,会话输入区,默认,1080x2400,ui/mockups/android/YL-A-024/YL-A-024-S01_DEFAULT.png,APPROVED_FOR_CHANGE_ORDER_IMPLEMENTATION,4d62e2f984f8837958c2324ee877e5500bff11788cb0957a1970b53fc1f76614,OWNER_REQUESTED_CO_P03_001,2026-08-10T00:00:00+08:00,layout|spacing|typography|color|component_geometry|visible_state,NONE; functionality comes from Feature IDs and CO-P03-001 contracts,P03-011|P03-049|P03-050,Supersedes V1.6 visual for this state. Consumer copy contains no raw technical status.,COMPONENT_BOARD,YL-A-023,5bb9118999d527f8,PASS
YL-A-024-S02_INPUT_FOCUSED,YL-A-024,YL-A-024-S02_INPUT_FOCUSED,ANDROID,会话输入区,输入聚焦,1080x2400,ui/mockups/android/YL-A-024/YL-A-024-S02_INPUT_FOCUSED.png,APPROVED_FOR_CHANGE_ORDER_IMPLEMENTATION,380a20147cf38748c6c4afb17401a41819f0cfb969e997fe78c8a2f638efbe51,OWNER_REQUESTED_CO_P03_001,2026-08-10T00:00:00+08:00,layout|spacing|typography|color|component_geometry|visible_state,NONE; functionality comes from Feature IDs and CO-P03-001 contracts,P03-011|P03-049|P03-050,Supersedes V1.6 visual for this state. Consumer copy contains no raw technical status.,COMPONENT_BOARD,YL-A-023,5bb9118999d527f8,PASS
YL-A-024-S03_UPLOADING,YL-A-024,YL-A-024-S03_UPLOADING,ANDROID,会话输入区,附件上传,1080x2400,ui/mockups/android/YL-A-024/YL-A-024-S03_UPLOADING.png,APPROVED_FOR_CHANGE_ORDER_IMPLEMENTATION,b97bff401350545f7fa77813306e04fbcc9ce9c82867f6f36b5b0046469dd675,OWNER_REQUESTED_CO_P03_001,2026-08-10T00:00:00+08:00,layout|spacing|typography|color|component_geometry|visible_state,NONE; functionality comes from Feature IDs and CO-P03-001 contracts,P03-011|P03-049|P03-050,Supersedes V1.6 visual for this state. Consumer copy contains no raw technical status.,COMPONENT_BOARD,YL-A-023,5bb9118999d527f8,PASS
YL-A-024-S04_DISABLED,YL-A-024,YL-A-024-S04_DISABLED,ANDROID,会话输入区,不可发送,1080x2400,ui/mockups/android/YL-A-024/YL-A-024-S04_DISABLED.png,APPROVED_FOR_CHANGE_ORDER_IMPLEMENTATION,0669e8880ac025080393c394fd0301b518bfabd7b84f162d357d23552f24abd5,OWNER_REQUESTED_CO_P03_001,2026-08-10T00:00:00+08:00,layout|spacing|typography|color|component_geometry|visible_state,NONE; functionality comes from Feature IDs and CO-P03-001 contracts,P03-011|P03-049|P03-050,Supersedes V1.6 visual for this state. Consumer copy contains no raw technical status.,COMPONENT_BOARD,YL-A-023,5bb9118999d527f8,PASS
YL-A-024-S05_OFFLINE,YL-A-024,YL-A-024-S05_OFFLINE,ANDROID,会话输入区,离线,1080x2400,ui/mockups/android/YL-A-024/YL-A-024-S05_OFFLINE.png,APPROVED_FOR_CHANGE_ORDER_IMPLEMENTATION,675fd0516a189363f70c9b69b4647509bccf73a72ea69de97e9cbb63e25e2689,OWNER_REQUESTED_CO_P03_001,2026-08-10T00:00:00+08:00,layout|spacing|typography|color|component_geometry|visible_state,NONE; functionality comes from Feature IDs and CO-P03-001 contracts,P03-011|P03-049|P03-050,Supersedes V1.6 visual for this state. Consumer copy contains no raw technical status.,COMPONENT_BOARD,YL-A-023,5bb9118999d527f8,PASS
YL-A-024-S06_TOOL_TRAY_OPEN,YL-A-024,YL-A-024-S06_TOOL_TRAY_OPEN,ANDROID,会话输入区,工具面板展开,1080x2400,ui/mockups/android/YL-A-024/YL-A-024-S06_TOOL_TRAY_OPEN.png,APPROVED_FOR_CHANGE_ORDER_IMPLEMENTATION,97123020f10dfb6ad79b53917abc7fd50a712e630d7b15a02bdb9aaa4955b041,OWNER_REQUESTED_CO_P03_001,2026-08-10T00:00:00+08:00,layout|spacing|typography|color|component_geometry|visible_state,NONE; functionality comes from Feature IDs and CO-P03-001 contracts,P03-011|P03-049|P03-050,Supersedes V1.6 visual for this state. Consumer copy contains no raw technical status.,COMPONENT_BOARD,YL-A-023,5bb9118999d527f8,PASS
YL-A-026-S01_CONNECTING,YL-A-026,YL-A-026-S01_CONNECTING,ANDROID,AI 回复,正在思考,1080x2400,ui/mockups/android/YL-A-026/YL-A-026-S01_CONNECTING.png,APPROVED_FOR_CHANGE_ORDER_IMPLEMENTATION,7e2d789165726ad0b94bda4cece41aeb806d7c02a405275210afc33871ca40ec,OWNER_REQUESTED_CO_P03_001,2026-08-10T00:00:00+08:00,layout|spacing|typography|color|component_geometry|visible_state,NONE; functionality comes from Feature IDs and CO-P03-001 contracts,P03-018|P03-026|P03-047|P03-051,Supersedes V1.6 visual for this state. Consumer copy contains no raw technical status.,COMPONENT_BOARD,YL-A-023,6312db9a26c4eefe,PASS
YL-A-026-S02_STREAMING,YL-A-026,YL-A-026-S02_STREAMING,ANDROID,AI 回复,流式回答,1080x2400,ui/mockups/android/YL-A-026/YL-A-026-S02_STREAMING.png,APPROVED_FOR_CHANGE_ORDER_IMPLEMENTATION,d5e2052eea05c175960f4347cecd2e07833453e561113daa85afce1a20c37b3b,OWNER_REQUESTED_CO_P03_001,2026-08-10T00:00:00+08:00,layout|spacing|typography|color|component_geometry|visible_state,NONE; functionality comes from Feature IDs and CO-P03-001 contracts,P03-018|P03-026|P03-047|P03-051,Supersedes V1.6 visual for this state. Consumer copy contains no raw technical status.,COMPONENT_BOARD,YL-A-023,6312db9a26c4eefe,PASS
YL-A-026-S03_TOOL_RUNNING,YL-A-026,YL-A-026-S03_TOOL_RUNNING,ANDROID,AI 回复,工具执行,1080x2400,ui/mockups/android/YL-A-026/YL-A-026-S03_TOOL_RUNNING.png,APPROVED_FOR_CHANGE_ORDER_IMPLEMENTATION,e14447e99233ea176a5326cd4a4af4e85bcf2cd991b8d418ac5da4d9c0789328,OWNER_REQUESTED_CO_P03_001,2026-08-10T00:00:00+08:00,layout|spacing|typography|color|component_geometry|visible_state,NONE; functionality comes from Feature IDs and CO-P03-001 contracts,P03-018|P03-026|P03-047|P03-051,Supersedes V1.6 visual for this state. Consumer copy contains no raw technical status.,COMPONENT_BOARD,YL-A-023,6312db9a26c4eefe,PASS
YL-A-026-S04_COMPLETED,YL-A-026,YL-A-026-S04_COMPLETED,ANDROID,AI 回复,完成,1080x2400,ui/mockups/android/YL-A-026/YL-A-026-S04_COMPLETED.png,APPROVED_FOR_CHANGE_ORDER_IMPLEMENTATION,e4b01e4835ce7462a43c0a36cb2d5d2d3cf0b996ec985a24b9e1050fda8a6d98,OWNER_REQUESTED_CO_P03_001,2026-08-10T00:00:00+08:00,layout|spacing|typography|color|component_geometry|visible_state,NONE; functionality comes from Feature IDs and CO-P03-001 contracts,P03-018|P03-026|P03-047|P03-051,Supersedes V1.6 visual for this state. Consumer copy contains no raw technical status.,COMPONENT_BOARD,YL-A-023,6312db9a26c4eefe,PASS
YL-A-026-S05_STOPPED,YL-A-026,YL-A-026-S05_STOPPED,ANDROID,AI 回复,已停止,1080x2400,ui/mockups/android/YL-A-026/YL-A-026-S05_STOPPED.png,APPROVED_FOR_CHANGE_ORDER_IMPLEMENTATION,ce4aacd954e420327346da2780e055278dca7e494fb828b86e5f923ebf5341b6,OWNER_REQUESTED_CO_P03_001,2026-08-10T00:00:00+08:00,layout|spacing|typography|color|component_geometry|visible_state,NONE; functionality comes from Feature IDs and CO-P03-001 contracts,P03-018|P03-026|P03-047|P03-051,Supersedes V1.6 visual for this state. Consumer copy contains no raw technical status.,COMPONENT_BOARD,YL-A-023,6312db9a26c4eefe,PASS
YL-A-026-S06_PROVIDER_ERROR,YL-A-026,YL-A-026-S06_PROVIDER_ERROR,ANDROID,AI 回复,回答失败,1080x2400,ui/mockups/android/YL-A-026/YL-A-026-S06_PROVIDER_ERROR.png,APPROVED_FOR_CHANGE_ORDER_IMPLEMENTATION,dfccf95a18830c70aee44fe1aa310d65ffd2446b1b6b67788a4c4ecd2e591580,OWNER_REQUESTED_CO_P03_001,2026-08-10T00:00:00+08:00,layout|spacing|typography|color|component_geometry|visible_state,NONE; functionality comes from Feature IDs and CO-P03-001 contracts,P03-018|P03-026|P03-047|P03-051,Supersedes V1.6 visual for this state. Consumer copy contains no raw technical status.,COMPONENT_BOARD,YL-A-023,6312db9a26c4eefe,PASS
YL-A-026-S07_CONTENT_BLOCKED,YL-A-026,YL-A-026-S07_CONTENT_BLOCKED,ANDROID,AI 回复,请求无法处理,1080x2400,ui/mockups/android/YL-A-026/YL-A-026-S07_CONTENT_BLOCKED.png,APPROVED_FOR_CHANGE_ORDER_IMPLEMENTATION,4ad996960ecb879e9075698adbad37e271a478f619274ffcaffa68288eec4c42,OWNER_REQUESTED_CO_P03_001,2026-08-10T00:00:00+08:00,layout|spacing|typography|color|component_geometry|visible_state,NONE; functionality comes from Feature IDs and CO-P03-001 contracts,P03-018|P03-026|P03-047|P03-051,Supersedes V1.6 visual for this state. Consumer copy contains no raw technical status.,COMPONENT_BOARD,YL-A-023,6312db9a26c4eefe,PASS
YL-A-033-S01_POPULATED,YL-A-033,YL-A-033-S01_POPULATED,ANDROID,模型选择器,可用模型,1080x2400,ui/mockups/android/YL-A-033/YL-A-033-S01_POPULATED.png,APPROVED_FOR_CHANGE_ORDER_IMPLEMENTATION,2f0d5a14c3f9afbd4d52d6f6245c8e80b8399d256a4ea187f75f5c721245e6f3,OWNER_REQUESTED_CO_P03_001,2026-08-10T00:00:00+08:00,layout|spacing|typography|color|component_geometry|visible_state,NONE; functionality comes from Feature IDs and CO-P03-001 contracts,P04-001|P04-002|P04-003|P03-050,Supersedes V1.6 visual for this state. Consumer copy contains no raw technical status.,OVERLAY,YL-A-023,dc3946f565f3581b,PASS
YL-A-033-S02_FILTER_ACTIVE,YL-A-033,YL-A-033-S02_FILTER_ACTIVE,ANDROID,模型选择器,筛选中,1080x2400,ui/mockups/android/YL-A-033/YL-A-033-S02_FILTER_ACTIVE.png,APPROVED_FOR_CHANGE_ORDER_IMPLEMENTATION,2698d349323baa9aaa3075dc06a3e29d4d498941e3a954c723b177f37ed976bd,OWNER_REQUESTED_CO_P03_001,2026-08-10T00:00:00+08:00,layout|spacing|typography|color|component_geometry|visible_state,NONE; functionality comes from Feature IDs and CO-P03-001 contracts,P04-001|P04-002|P04-003|P03-050,Supersedes V1.6 visual for this state. Consumer copy contains no raw technical status.,OVERLAY,YL-A-023,dc3946f565f3581b,PASS
YL-A-033-S03_EMPTY,YL-A-033,YL-A-033-S03_EMPTY,ANDROID,模型选择器,无结果,1080x2400,ui/mockups/android/YL-A-033/YL-A-033-S03_EMPTY.png,APPROVED_FOR_CHANGE_ORDER_IMPLEMENTATION,cf14f98b5a2979f4d3aeb39fa67f514c468e9252c881943b196687d4cdffb145,OWNER_REQUESTED_CO_P03_001,2026-08-10T00:00:00+08:00,layout|spacing|typography|color|component_geometry|visible_state,NONE; functionality comes from Feature IDs and CO-P03-001 contracts,P04-001|P04-002|P04-003|P03-050,Supersedes V1.6 visual for this state. Consumer copy contains no raw technical status.,OVERLAY,YL-A-023,dc3946f565f3581b,PASS
YL-A-033-S04_DISABLED,YL-A-033,YL-A-033-S04_DISABLED,ANDROID,模型选择器,不可选择,1080x2400,ui/mockups/android/YL-A-033/YL-A-033-S04_DISABLED.png,APPROVED_FOR_CHANGE_ORDER_IMPLEMENTATION,390b2f31c60385503f13887a2cf3cc7dea7125de0b9a495880d9a2547175e3bd,OWNER_REQUESTED_CO_P03_001,2026-08-10T00:00:00+08:00,layout|spacing|typography|color|component_geometry|visible_state,NONE; functionality comes from Feature IDs and CO-P03-001 contracts,P04-001|P04-002|P04-003|P03-050,Supersedes V1.6 visual for this state. Consumer copy contains no raw technical status.,OVERLAY,YL-A-023,dc3946f565f3581b,PASS
YL-A-033-S05_SERVICE_DEGRADED,YL-A-033,YL-A-033-S05_SERVICE_DEGRADED,ANDROID,模型选择器,部分模型不可用,1080x2400,ui/mockups/android/YL-A-033/YL-A-033-S05_SERVICE_DEGRADED.png,APPROVED_FOR_CHANGE_ORDER_IMPLEMENTATION,ba13342784f8fd05f8b814a75bfc6bbf8b733000dcf8cb0b4e5ac4266e61b038,OWNER_REQUESTED_CO_P03_001,2026-08-10T00:00:00+08:00,layout|spacing|typography|color|component_geometry|visible_state,NONE; functionality comes from Feature IDs and CO-P03-001 contracts,P04-001|P04-002|P04-003|P03-050,Supersedes V1.6 visual for this state. Consumer copy contains no raw technical status.,OVERLAY,YL-A-023,dc3946f565f3581b,PASS
YL-A-033-S06_SERVER_ERROR,YL-A-033,YL-A-033-S06_SERVER_ERROR,ANDROID,模型选择器,暂时无法加载,1080x2400,ui/mockups/android/YL-A-033/YL-A-033-S06_SERVER_ERROR.png,APPROVED_FOR_CHANGE_ORDER_IMPLEMENTATION,b0e4ebb982da4b8f109e7b4ddb66f345ea0700e9bf46218e25be2a885276795e,OWNER_REQUESTED_CO_P03_001,2026-08-10T00:00:00+08:00,layout|spacing|typography|color|component_geometry|visible_state,NONE; functionality comes from Feature IDs and CO-P03-001 contracts,P04-001|P04-002|P04-003|P03-050,Supersedes V1.6 visual for this state. Consumer copy contains no raw technical status.,OVERLAY,YL-A-023,dc3946f565f3581b,PASS
YL-A-034-S01_POPULATED,YL-A-034,YL-A-034-S01_POPULATED,ANDROID,回答方式选择器,自动模式,1080x2400,ui/mockups/android/YL-A-034/YL-A-034-S01_POPULATED.png,APPROVED_FOR_CHANGE_ORDER_IMPLEMENTATION,02459a5dcbc9f30cd94bf1d90a6e0f92578fdc079024111ab0b0c1a87f80c192,OWNER_REQUESTED_CO_P03_001,2026-08-10T00:00:00+08:00,layout|spacing|typography|color|component_geometry|visible_state,NONE; functionality comes from Feature IDs and CO-P03-001 contracts,P04-005|P03-050,Supersedes V1.6 visual for this state. Consumer copy contains no raw technical status.,OVERLAY,YL-A-023,195beb56fc46047c,PASS
YL-A-034-S02_FILTER_ACTIVE,YL-A-034,YL-A-034-S02_FILTER_ACTIVE,ANDROID,回答方式选择器,深度模式,1080x2400,ui/mockups/android/YL-A-034/YL-A-034-S02_FILTER_ACTIVE.png,APPROVED_FOR_CHANGE_ORDER_IMPLEMENTATION,7c63bc70821efcbebea333c39e7bcccb87ca6dc47f2116e9fa93cd71c032ab31,OWNER_REQUESTED_CO_P03_001,2026-08-10T00:00:00+08:00,layout|spacing|typography|color|component_geometry|visible_state,NONE; functionality comes from Feature IDs and CO-P03-001 contracts,P04-005|P03-050,Supersedes V1.6 visual for this state. Consumer copy contains no raw technical status.,OVERLAY,YL-A-023,195beb56fc46047c,PASS
YL-A-034-S03_EMPTY,YL-A-034,YL-A-034-S03_EMPTY,ANDROID,回答方式选择器,无可调选项,1080x2400,ui/mockups/android/YL-A-034/YL-A-034-S03_EMPTY.png,APPROVED_FOR_CHANGE_ORDER_IMPLEMENTATION,070dcb58fbc33d2324af64bace406ce7330d945ab813ee60d1008ecf128c72ff,OWNER_REQUESTED_CO_P03_001,2026-08-10T00:00:00+08:00,layout|spacing|typography|color|component_geometry|visible_state,NONE; functionality comes from Feature IDs and CO-P03-001 contracts,P04-005|P03-050,Supersedes V1.6 visual for this state. Consumer copy contains no raw technical status.,OVERLAY,YL-A-023,195beb56fc46047c,PASS
YL-A-034-S04_DISABLED,YL-A-034,YL-A-034-S04_DISABLED,ANDROID,回答方式选择器,不可调节,1080x2400,ui/mockups/android/YL-A-034/YL-A-034-S04_DISABLED.png,APPROVED_FOR_CHANGE_ORDER_IMPLEMENTATION,f76cff8ca4d0a3c604d2eacc9399bd9c49a4bdd3a78c1ee36323838fb3249d3b,OWNER_REQUESTED_CO_P03_001,2026-08-10T00:00:00+08:00,layout|spacing|typography|color|component_geometry|visible_state,NONE; functionality comes from Feature IDs and CO-P03-001 contracts,P04-005|P03-050,Supersedes V1.6 visual for this state. Consumer copy contains no raw technical status.,OVERLAY,YL-A-023,195beb56fc46047c,PASS
YL-A-034-S05_SERVICE_DEGRADED,YL-A-034,YL-A-034-S05_SERVICE_DEGRADED,ANDROID,回答方式选择器,仅自动可用,1080x2400,ui/mockups/android/YL-A-034/YL-A-034-S05_SERVICE_DEGRADED.png,APPROVED_FOR_CHANGE_ORDER_IMPLEMENTATION,49bd229af175deafb48a8a6c8b97adcfdd1ed4c6824977b5466f6ba314d355f7,OWNER_REQUESTED_CO_P03_001,2026-08-10T00:00:00+08:00,layout|spacing|typography|color|component_geometry|visible_state,NONE; functionality comes from Feature IDs and CO-P03-001 contracts,P04-005|P03-050,Supersedes V1.6 visual for this state. Consumer copy contains no raw technical status.,OVERLAY,YL-A-023,195beb56fc46047c,PASS
YL-A-034-S06_SERVER_ERROR,YL-A-034,YL-A-034-S06_SERVER_ERROR,ANDROID,回答方式选择器,暂时无法加载,1080x2400,ui/mockups/android/YL-A-034/YL-A-034-S06_SERVER_ERROR.png,APPROVED_FOR_CHANGE_ORDER_IMPLEMENTATION,76f1b99e57628e8b647b23d043f3deb9981905fe3d126b100c42cfa546ed5316,OWNER_REQUESTED_CO_P03_001,2026-08-10T00:00:00+08:00,layout|spacing|typography|color|component_geometry|visible_state,NONE; functionality comes from Feature IDs and CO-P03-001 contracts,P04-005|P03-050,Supersedes V1.6 visual for this state. Consumer copy contains no raw technical status.,OVERLAY,YL-A-023,195beb56fc46047c,PASS
YL-M-061-S09_CONTEXT_DEBUG_OPEN,YL-M-061,YL-M-061-S09_CONTEXT_DEBUG_OPEN,ADMIN,可观测性/AI运行,上下文诊断抽屉,1440x1000,ui/mockups/admin/YL-M-061/YL-M-061-S09_CONTEXT_DEBUG_OPEN.png,APPROVED_FOR_CHANGE_ORDER_IMPLEMENTATION,11fdf06438acdc7a937ae41083a51a51cfab8eef2e2efac5f0901e48bb7c118d,OWNER_REQUESTED_CO_P03_001,2026-08-10T00:00:00+08:00,layout|spacing|typography|color|component_geometry|visible_state,context diagnostics only; hidden chain-of-thought excluded,P03-046|P03-055,Adds context build diagnostics to the existing AI run observability page.,PAGE,,88a4412a41860d25,PASS
