page_id,surface,name,route,layout_profile,state_profile,state_count,feature_ids,phases,primary_phase,work_packets,visual_kind,parent_page_id,visual_template,visual_title,screen_signature,design_system_version,mockup_gate
YL-A-001,ANDROID,App Shell,android://001,android_main_tab,component_shell,1,P00-003,P00,P00,P00-W01,COMPONENT_BOARD,,app_shell,Android App Shell,3ff494ec8aebca21,YL-DS-1.2.0,APPROVED_REQUIRED_BEFORE_VISUAL_IMPLEMENTATION
YL-A-002,ANDROID,Design System,android://002,android_component_board,component_shell,1,P00-004,P00,P00,P00-W01,DESIGN_BOARD,,android_design,Android 设计系统,18fd7887d1c7de58,YL-DS-1.2.0,APPROVED_REQUIRED_BEFORE_VISUAL_IMPLEMENTATION
YL-A-003,ANDROID,首页/工作/发现/我的,android://003,android_main_tab,component_navigation,1,P00-005,P00,P00,P00-W01,COMPONENT_BOARD,YL-A-001,bottom_nav,四栏底部导航,7391cdb8eb594565,YL-DS-1.2.0,APPROVED_REQUIRED_BEFORE_VISUAL_IMPLEMENTATION
YL-A-004,ANDROID,启动页,android://004,android_splash,splash,6,P02-001,P02,P02,P02-W01,PAGE,,splash,YLVEN,2591b7bf5af113f6,YL-DS-1.2.0,APPROVED_REQUIRED_BEFORE_VISUAL_IMPLEMENTATION
YL-A-005,ANDROID,登录页,android://005,android_auth,auth_login,7,P02-002|P02-003|P02-006,P02,P02,P02-W01,PAGE,,login,登录 YLVEN,9b39cb44f315e276,YL-DS-1.2.0,APPROVED_REQUIRED_BEFORE_VISUAL_IMPLEMENTATION
YL-A-006,ANDROID,登录页/安全验证,android://006,android_auth,auth_security_overlay,8,P02-004,P02,P02,P02-W01,OVERLAY,YL-A-005,security_modal_login,请完成小验证,27036cc49c226a52,YL-DS-1.2.0,APPROVED_REQUIRED_BEFORE_VISUAL_IMPLEMENTATION
YL-A-007,ANDROID,遗留验证承载页（已停用）,android://007,android_auth,auth_first_party_retired,7,P02-005|P02-022,P02,P02,P02-W01|P02-W05,PAGE,YL-A-005,retired_first_party_verification,遗留验证承载页（已停用）,763ab44c621cfba6,YL-DS-1.2.0,APPROVED_REQUIRED_BEFORE_VISUAL_IMPLEMENTATION
YL-A-008,ANDROID,验证码页,android://008,android_auth,auth_otp,11,P02-007|P02-008|P02-024,P02,P02,P02-W02|P02-W05,PAGE,YL-A-005,login_otp,输入登录验证码,777b7cf0f73e1e80,YL-DS-1.2.0,APPROVED_REQUIRED_BEFORE_VISUAL_IMPLEMENTATION
YL-A-009,ANDROID,登录完成,android://009,android_splash,auth_success,3,P02-009,P02,P02,P02-W02,PAGE,YL-A-008,login_success,登录成功,cc4b9bae031c1ad9,YL-DS-1.2.0,APPROVED_REQUIRED_BEFORE_VISUAL_IMPLEMENTATION
YL-A-010,ANDROID,注册页,android://010,android_auth,auth_register,7,P02-010|P02-011|P02-012|P02-014,P02,P02,P02-W02|P02-W03,PAGE,,register,创建 YLVEN 账户,fa60d86be0150718,YL-DS-1.2.0,APPROVED_REQUIRED_BEFORE_VISUAL_IMPLEMENTATION
YL-A-011,ANDROID,注册页/安全验证,android://011,android_auth,auth_security_overlay,8,P02-013,P02,P02,P02-W03,OVERLAY,YL-A-010,security_modal_register,请完成小验证,f7b62916181d72ca,YL-DS-1.2.0,APPROVED_REQUIRED_BEFORE_VISUAL_IMPLEMENTATION
YL-A-012,ANDROID,注册验证码页,android://012,android_auth,auth_otp,11,P02-015,P02,P02,P02-W03,PAGE,YL-A-010,register_otp,验证注册邮箱,e3d2ad3af757352a,YL-DS-1.2.0,APPROVED_REQUIRED_BEFORE_VISUAL_IMPLEMENTATION
YL-A-013,ANDROID,注册完成,android://013,android_splash,auth_success,3,P02-016,P02,P02,P02-W03,PAGE,YL-A-012,register_success,账户已创建,9cbc1574187c34cd,YL-DS-1.2.0,APPROVED_REQUIRED_BEFORE_VISUAL_IMPLEMENTATION
YL-A-014,ANDROID,全局会话,android://014,android_detail,system_session,5,P02-017|P02-018,P02,P02,P02-W04,SYSTEM_OVERLAY,YL-A-001,session_overlay,全局会话状态,174aa3c467c61047,YL-DS-1.2.0,APPROVED_REQUIRED_BEFORE_VISUAL_IMPLEMENTATION
YL-A-015,ANDROID,我的/退出登录,android://015,android_auth,logout_dialog,4,P02-019,P02,P02,P02-W04,OVERLAY,YL-A-086,logout_modal,退出登录,243e4e4daa461751,YL-DS-1.2.0,APPROVED_REQUIRED_BEFORE_VISUAL_IMPLEMENTATION
YL-A-016,ANDROID,我的/登录设备,android://016,android_auth,device_list,7,P02-020|P02-021,P02,P02,P02-W04,PAGE,YL-A-086,devices,登录设备,bf4bdbe7c6acffef,YL-DS-1.2.0,APPROVED_REQUIRED_BEFORE_VISUAL_IMPLEMENTATION
YL-A-017,ANDROID,登录与注册,android://017,android_auth,auth_resilience_board,5,P02-023|P02-025,P02,P02,P02-W05,SYSTEM_STATE_BOARD,,auth_resilience,认证适配与异常状态,6f747fa19d195336,YL-DS-1.2.0,APPROVED_REQUIRED_BEFORE_VISUAL_IMPLEMENTATION
YL-A-018,ANDROID,首页,android://018,android_main_tab,main_tab,7,P03-001,P03,P03,P03-W01,PAGE,,home,AI 首页,d19b8eef33c3a1fb,YL-DS-1.2.0,APPROVED_REQUIRED_BEFORE_VISUAL_IMPLEMENTATION
YL-A-019,ANDROID,首页/新对话,android://019,android_detail,detail,9,P03-002,P03,P03,P03-W01,PAGE,YL-A-018,new_chat_landing,开始新对话,9fc267b163daa39f,YL-DS-1.2.0,APPROVED_REQUIRED_BEFORE_VISUAL_IMPLEMENTATION
YL-A-020,ANDROID,会话抽屉,android://020,android_list,list,9,P03-003,P03,P03,P03-W01,PAGE,YL-A-018,conversation_drawer,会话历史,aa4f015bb7f11d81,YL-DS-1.2.0,APPROVED_REQUIRED_BEFORE_VISUAL_IMPLEMENTATION
YL-A-021,ANDROID,会话搜索,android://021,android_list,list,9,P03-004,P03,P03,P03-W01,PAGE,YL-A-020,conversation_search,搜索会话,1876a9e7a01c4ae6,YL-DS-1.2.0,APPROVED_REQUIRED_BEFORE_VISUAL_IMPLEMENTATION
YL-A-022,ANDROID,会话菜单,android://022,android_sheet,dialog,5,P03-005|P03-006|P03-007|P03-029|P06-007,P03|P06,P03,P03-W01|P03-W05|P06-W02,OVERLAY,YL-A-023,conversation_menu,会话操作,5b26d2b3f999fe93,YL-DS-1.2.0,APPROVED_REQUIRED_BEFORE_VISUAL_IMPLEMENTATION
YL-A-023,ANDROID,会话页,android://023,android_chat,chat,13,P03-009|P03-010|P03-012|P03-013|P03-017|P03-027,P03,P03,P03-W02|P03-W03|P03-W04,PAGE,,chat,YLVEN App 架构讨论,75edd175b81c0189,YL-DS-1.2.0,APPROVED_REQUIRED_BEFORE_VISUAL_IMPLEMENTATION
YL-A-024,ANDROID,会话输入区,android://024,android_chat,component_composer,5,P03-011,P03,P03,P03-W02,COMPONENT_BOARD,YL-A-023,composer,会话输入区组件,6fd4fa3285c8263e,YL-DS-1.2.0,APPROVED_REQUIRED_BEFORE_VISUAL_IMPLEMENTATION
YL-A-025,ANDROID,离线缓存,android://025,android_detail,offline_cache_only,3,P03-016,P03,P03,P03-W03,SYSTEM_STATE_BOARD,YL-A-023,offline_cache,离线缓存,83cf22f6dacc6b3b,YL-DS-1.2.0,APPROVED_REQUIRED_BEFORE_VISUAL_IMPLEMENTATION
YL-A-026,ANDROID,AI 回复,android://026,android_chat,component_response,7,P03-018|P03-026,P03,P03,P03-W03|P03-W04,COMPONENT_BOARD,YL-A-023,ai_response,AI 回复组件,e7ccc090e139b3e1,YL-DS-1.2.0,APPROVED_REQUIRED_BEFORE_VISUAL_IMPLEMENTATION
YL-A-027,ANDROID,AI 回复/代码块,android://027,android_chat,component_code,3,P03-019,P03,P03,P03-W03,COMPONENT_BOARD,YL-A-026,code_block,代码块组件,c7e6c9168ad3100a,YL-DS-1.2.0,APPROVED_REQUIRED_BEFORE_VISUAL_IMPLEMENTATION
YL-A-028,ANDROID,AI 回复/表格,android://028,android_chat,component_table,3,P03-020,P03,P03,P03-W03,COMPONENT_BOARD,YL-A-026,table_block,表格组件,167631ac29509df0,YL-DS-1.2.0,APPROVED_REQUIRED_BEFORE_VISUAL_IMPLEMENTATION
YL-A-029,ANDROID,通用来源引用组件,android://029,android_chat,component_citation,4,P03-021,P03,P03,P03-W03,COMPONENT_BOARD,YL-A-026,citation_block,引用组件,c14bbf0ef3c28977,YL-DS-1.2.0,APPROVED_REQUIRED_BEFORE_VISUAL_IMPLEMENTATION
YL-A-030,ANDROID,消息操作栏,android://030,android_chat,component_actionbar,3,P03-022|P03-023|P03-024|P03-025|P03-030|P04-011,P03|P04,P03,P03-W04|P03-W05|P04-W02,COMPONENT_BOARD,YL-A-026,message_actions,消息操作栏,3e44d81117af1b6c,YL-DS-1.2.0,APPROVED_REQUIRED_BEFORE_VISUAL_IMPLEMENTATION
YL-A-031,ANDROID,新建对话,android://031,android_form,form,8,P03-028,P03,P03,P03-W04,PAGE,YL-A-018,new_conversation_form,新建对话,838b0c5628e7d1b2,YL-DS-1.2.0,APPROVED_REQUIRED_BEFORE_VISUAL_IMPLEMENTATION
YL-A-032,ANDROID,输入框,android://032,android_chat,component_composer,5,P03-031|P03-032,P03,P03,P03-W05,COMPONENT_BOARD,YL-A-024,input_box,输入框组件,f0d8a21838930624,YL-DS-1.2.0,APPROVED_REQUIRED_BEFORE_VISUAL_IMPLEMENTATION
YL-A-033,ANDROID,模型选择器,android://033,android_sheet,selector_content,6,P04-001|P04-002|P04-003,P04,P04,P04-W01,OVERLAY,YL-A-023,model_selector,选择 AI 模型,7d2f682246da6b41,YL-DS-1.2.0,APPROVED_REQUIRED_BEFORE_VISUAL_IMPLEMENTATION
YL-A-034,ANDROID,推理选择器,android://034,android_sheet,selector_content,6,P04-005,P04,P04,P04-W01,OVERLAY,YL-A-023,reasoning_selector,推理强度,c1123b371c4e66c8,YL-DS-1.2.0,APPROVED_REQUIRED_BEFORE_VISUAL_IMPLEMENTATION
YL-A-035,ANDROID,我的/AI设置,android://035,android_settings,settings,8,P04-007|P09-016,P04|P09,P04,P04-W02|P09-W04,PAGE,YL-A-086,ai_settings,AI 设置,267baeee5ce22448,YL-DS-1.2.0,APPROVED_REQUIRED_BEFORE_VISUAL_IMPLEMENTATION
YL-A-036,ANDROID,会话设置,android://036,android_settings,settings,8,P04-008,P04,P04,P04-W02,PAGE,YL-A-023,conversation_settings,会话设置,1cd42cb74ad54108,YL-DS-1.2.0,APPROVED_REQUIRED_BEFORE_VISUAL_IMPLEMENTATION
YL-A-037,ANDROID,输入区模型状态条,android://037,android_chat,component_model_strip,3,P04-009,P04,P04,P04-W02,COMPONENT_BOARD,YL-A-024,model_strip,输入区模型条,01f8b173edd965d9,YL-DS-1.2.0,APPROVED_REQUIRED_BEFORE_VISUAL_IMPLEMENTATION
YL-A-038,ANDROID,AI 回复来源标签,android://038,android_chat,component_model_strip,3,P04-010,P04,P04,P04-W02,COMPONENT_BOARD,YL-A-026,response_label,AI 回复标签,560c2a67edc1280e,YL-DS-1.2.0,APPROVED_REQUIRED_BEFORE_VISUAL_IMPLEMENTATION
YL-A-039,ANDROID,会话分支切换,android://039,android_detail,list,9,P04-013,P04,P04,P04-W03,PAGE,YL-A-023,branch_switcher,会话分支,ca2c786014b5d602,YL-DS-1.2.0,APPROVED_REQUIRED_BEFORE_VISUAL_IMPLEMENTATION
YL-A-040,ANDROID,多模型对比,android://040,android_detail,wizard,8,P04-014,P04,P04,P04-W03,PAGE,YL-A-023,comparison_setup,多模型对比,67d11cc38505e69a,YL-DS-1.2.0,APPROVED_REQUIRED_BEFORE_VISUAL_IMPLEMENTATION
YL-A-041,ANDROID,对比结果,android://041,android_detail,detail,9,P04-015|P04-016|P04-017,P04,P04,P04-W03,PAGE,YL-A-040,comparison_result,对比结果,8696ff80f270f738,YL-DS-1.2.0,APPROVED_REQUIRED_BEFORE_VISUAL_IMPLEMENTATION
YL-A-042,ANDROID,模型错误弹层,android://042,android_sheet,dialog,5,P04-018,P04,P04,P04-W03,OVERLAY,YL-A-023,model_error_modal,模型暂时不可用,0e52321370d0fa55,YL-DS-1.2.0,APPROVED_REQUIRED_BEFORE_VISUAL_IMPLEMENTATION
YL-A-043,ANDROID,我的/服务状态,android://043,android_list,list,9,P04-030|P09-025,P04|P09,P04,P04-W05|P09-W05,PAGE,YL-A-086,service_status,AI 服务状态,1b176135d06143b0,YL-DS-1.2.0,APPROVED_REQUIRED_BEFORE_VISUAL_IMPLEMENTATION
YL-A-044,ANDROID,附件选择器,android://044,android_sheet,selector_content,6,P05-001,P05,P05,P05-W01,OVERLAY,YL-A-024,attachment_selector,添加内容,cfc99913267440cc,YL-DS-1.2.0,APPROVED_REQUIRED_BEFORE_VISUAL_IMPLEMENTATION
YL-A-045,ANDROID,上传进度,android://045,android_job,job,9,P05-002,P05,P05,P05-W01,OVERLAY,YL-A-023,upload_progress,上传文件,3636a3821686daec,YL-DS-1.2.0,APPROVED_REQUIRED_BEFORE_VISUAL_IMPLEMENTATION
YL-A-046,ANDROID,会话/图片附件,android://046,android_detail,component_attachment,4,P05-007,P05,P05,P05-W01,COMPONENT_BOARD,YL-A-023,image_attachment,图片附件组件,ecfaf63deea4678a,YL-DS-1.2.0,APPROVED_REQUIRED_BEFORE_VISUAL_IMPLEMENTATION
YL-A-047,ANDROID,附件卡片,android://047,android_detail,component_attachment,4,P05-013,P05,P05,P05-W02,COMPONENT_BOARD,YL-A-023,file_attachment,文件附件卡片,c3cbd873a51f45da,YL-DS-1.2.0,APPROVED_REQUIRED_BEFORE_VISUAL_IMPLEMENTATION
YL-A-048,ANDROID,资料库选择器,android://048,android_sheet,selector_content,6,P05-014,P05,P05,P05-W03,OVERLAY,YL-A-044,library_selector,从资料库选择,56e82896631773c6,YL-DS-1.2.0,APPROVED_REQUIRED_BEFORE_VISUAL_IMPLEMENTATION
YL-A-049,ANDROID,工作/文件,android://049,android_list,list,9,P05-015,P05,P05,P05-W03,PAGE,YL-A-077,file_library,文件资料库,95866d825684cbc9,YL-DS-1.2.0,APPROVED_REQUIRED_BEFORE_VISUAL_IMPLEMENTATION
YL-A-050,ANDROID,文件搜索,android://050,android_list,list,9,P05-016,P05,P05,P05-W03,PAGE,YL-A-049,file_search,搜索文件,20735db17c3aeaeb,YL-DS-1.2.0,APPROVED_REQUIRED_BEFORE_VISUAL_IMPLEMENTATION
YL-A-051,ANDROID,文件菜单,android://051,android_sheet,dialog,5,P05-017|P05-019,P05,P05,P05-W03,OVERLAY,YL-A-052,file_menu,文件操作,0313ef2f5fc02907,YL-DS-1.2.0,APPROVED_REQUIRED_BEFORE_VISUAL_IMPLEMENTATION
YL-A-052,ANDROID,文件详情,android://052,android_detail,detail,9,P05-018,P05,P05,P05-W03,PAGE,YL-A-049,file_detail,文件详情,216cd3daf9dbc52d,YL-DS-1.2.0,APPROVED_REQUIRED_BEFORE_VISUAL_IMPLEMENTATION
YL-A-053,ANDROID,工作/项目,android://053,android_list,list,9,P06-001,P06,P06,P06-W01,PAGE,YL-A-077,project_list,项目,1d89c299f7d86957,YL-DS-1.2.0,APPROVED_REQUIRED_BEFORE_VISUAL_IMPLEMENTATION
YL-A-054,ANDROID,新建项目,android://054,android_form,form,8,P06-002,P06,P06,P06-W01,PAGE,YL-A-053,project_create,新建项目,ec3df510adca1fd4,YL-DS-1.2.0,APPROVED_REQUIRED_BEFORE_VISUAL_IMPLEMENTATION
YL-A-055,ANDROID,项目详情,android://055,android_detail,detail,9,P06-003,P06,P06,P06-W01,PAGE,YL-A-053,project_detail,YLVEN Android App,96d3fccd96efcb2d,YL-DS-1.2.0,APPROVED_REQUIRED_BEFORE_VISUAL_IMPLEMENTATION
YL-A-056,ANDROID,项目设置,android://056,android_settings,settings,8,P06-004|P06-005,P06,P06,P06-W01,PAGE,YL-A-055,project_settings,项目设置,547c8777bcd7b517,YL-DS-1.2.0,APPROVED_REQUIRED_BEFORE_VISUAL_IMPLEMENTATION
YL-A-057,ANDROID,项目设置/指令,android://057,android_settings,settings,8,P06-006,P06,P06,P06-W02,PAGE,YL-A-055,project_instructions,项目指令,0b5a9046af5531e1,YL-DS-1.2.0,APPROVED_REQUIRED_BEFORE_VISUAL_IMPLEMENTATION
YL-A-058,ANDROID,项目/资料,android://058,android_list,list,9,P06-008|P06-015|P06-016,P06,P06,P06-W02|P06-W03|P06-W04,PAGE,YL-A-055,project_files,项目资料,54def2a4e262cd9c,YL-DS-1.2.0,APPROVED_REQUIRED_BEFORE_VISUAL_IMPLEMENTATION
YL-A-059,ANDROID,作品菜单,android://059,android_sheet,dialog,5,P06-009|P09-004,P06|P09,P06,P06-W02|P09-W01,OVERLAY,YL-A-079,artifact_menu,作品操作,c805ff553084f209,YL-DS-1.2.0,APPROVED_REQUIRED_BEFORE_VISUAL_IMPLEMENTATION
YL-A-060,ANDROID,项目知识引用组件,android://060,android_chat,component_citation,4,P06-014,P06,P06,P06-W03,COMPONENT_BOARD,YL-A-026,project_citation,项目知识引用,45cfce5d491e08fc,YL-DS-1.2.0,APPROVED_REQUIRED_BEFORE_VISUAL_IMPLEMENTATION
YL-A-061,ANDROID,工作/搜索,android://061,android_list,list,9,P06-017,P06,P06,P06-W04,PAGE,YL-A-077,workspace_search,工作区搜索,e3d52fe732358383,YL-DS-1.2.0,APPROVED_REQUIRED_BEFORE_VISUAL_IMPLEMENTATION
YL-A-062,ANDROID,工作/图片,android://062,android_detail,detail,9,P07-001,P07,P07,P07-W01,PAGE,YL-A-077,image_landing,图片工作台,99ad182223d15edd,YL-DS-1.2.0,APPROVED_REQUIRED_BEFORE_VISUAL_IMPLEMENTATION
YL-A-063,ANDROID,图片工作台,android://063,android_wizard,wizard,8,P07-002|P07-003|P07-004|P07-005|P07-006|P07-007|P07-008,P07,P07,P07-W01|P07-W02,PAGE,YL-A-062,image_studio,生成图片,48d1081f6c3e5759,YL-DS-1.2.0,APPROVED_REQUIRED_BEFORE_VISUAL_IMPLEMENTATION
YL-A-064,ANDROID,任务详情,android://064,android_job,job,9,P07-010|P07-011|P07-012,P07,P07,P07-W02,PAGE,YL-A-063,image_job,图片生成任务,0a1cc3b2e43a2165,YL-DS-1.2.0,APPROVED_REQUIRED_BEFORE_VISUAL_IMPLEMENTATION
YL-A-065,ANDROID,图片生成结果,android://065,android_preview,preview,7,P07-015,P07,P07,P07-W03,PAGE,YL-A-064,image_result,图片生成结果,ce1cd1b6671ddcaf,YL-DS-1.2.0,APPROVED_REQUIRED_BEFORE_VISUAL_IMPLEMENTATION
YL-A-066,ANDROID,图片作品详情,android://066,android_detail,preview,7,P07-016|P07-017,P07,P07,P07-W03,PAGE,YL-A-065,image_detail,图片详情,d928d3ecbdfd76ef,YL-DS-1.2.0,APPROVED_REQUIRED_BEFORE_VISUAL_IMPLEMENTATION
YL-A-067,ANDROID,工作/PPT向导,android://067,android_wizard,wizard,8,P08-001,P08,P08,P08-W01,PAGE,YL-A-077,ppt_landing,PPT 工作台,c1c33b4868582636,YL-DS-1.2.0,APPROVED_REQUIRED_BEFORE_VISUAL_IMPLEMENTATION
YL-A-068,ANDROID,PPT向导/基本信息,android://068,android_wizard,wizard,8,P08-002,P08,P08,P08-W01,PAGE,YL-A-067,ppt_basic,PPT 基本信息,35a0e8f94627e984,YL-DS-1.2.0,APPROVED_REQUIRED_BEFORE_VISUAL_IMPLEMENTATION
YL-A-069,ANDROID,PPT向导/资料,android://069,android_wizard,wizard,8,P08-003,P08,P08,P08-W01,PAGE,YL-A-067,ppt_sources,添加参考资料,478eb31029ab9af7,YL-DS-1.2.0,APPROVED_REQUIRED_BEFORE_VISUAL_IMPLEMENTATION
YL-A-070,ANDROID,PPT向导/模板,android://070,android_wizard,wizard,8,P08-004,P08,P08,P08-W01,PAGE,YL-A-067,ppt_template,选择 PPT 模板,841efb4aa6916caf,YL-DS-1.2.0,APPROVED_REQUIRED_BEFORE_VISUAL_IMPLEMENTATION
YL-A-071,ANDROID,PPT向导/大纲,android://071,android_wizard,wizard,8,P08-005,P08,P08,P08-W01,PAGE,YL-A-067,ppt_outline,确认 PPT 大纲,257f3d7c5e5c98ad,YL-DS-1.2.0,APPROVED_REQUIRED_BEFORE_VISUAL_IMPLEMENTATION
YL-A-072,ANDROID,PPT大纲编辑,android://072,android_wizard,wizard,8,P08-006|P08-007,P08,P08,P08-W01,PAGE,YL-A-071,ppt_outline_edit,编辑大纲,6d74db9a0366e2d0,YL-DS-1.2.0,APPROVED_REQUIRED_BEFORE_VISUAL_IMPLEMENTATION
YL-A-073,ANDROID,PPT任务详情,android://073,android_job,job,9,P08-013,P08,P08,P08-W02,PAGE,YL-A-072,ppt_job,PPT 生成任务,090b546345cea9cd,YL-DS-1.2.0,APPROVED_REQUIRED_BEFORE_VISUAL_IMPLEMENTATION
YL-A-074,ANDROID,PPT 预览编辑,android://074,android_preview,preview,7,P08-014|P08-015,P08,P08,P08-W03,PAGE,YL-A-073,ppt_preview,PPT 预览,c09f40dc11767d15,YL-DS-1.2.0,APPROVED_REQUIRED_BEFORE_VISUAL_IMPLEMENTATION
YL-A-075,ANDROID,PPT单页编辑,android://075,android_form,form,8,P08-016|P08-017|P08-018,P08,P08,P08-W03,PAGE,YL-A-074,ppt_slide_edit,编辑第 3 页,7bea2e894c9b9b80,YL-DS-1.2.0,APPROVED_REQUIRED_BEFORE_VISUAL_IMPLEMENTATION
YL-A-076,ANDROID,PPT 作品详情,android://076,android_detail,preview,7,P08-020|P08-021,P08,P08,P08-W04,PAGE,YL-A-074,ppt_detail,PPT 详情,ca2db578910fc388,YL-DS-1.2.0,APPROVED_REQUIRED_BEFORE_VISUAL_IMPLEMENTATION
YL-A-077,ANDROID,工作首页,android://077,android_main_tab,main_tab,7,P09-001,P09,P09,P09-W01,PAGE,,work_home,工作,cdc63752f83f1c3a,YL-DS-1.2.0,APPROVED_REQUIRED_BEFORE_VISUAL_IMPLEMENTATION
YL-A-078,ANDROID,AI 工具目录,android://078,android_main_tab,main_tab,7,P09-002,P09,P09,P09-W01,PAGE,YL-A-077,tool_catalog,AI 工具,fce93be6cca23954,YL-DS-1.2.0,APPROVED_REQUIRED_BEFORE_VISUAL_IMPLEMENTATION
YL-A-079,ANDROID,工作/作品,android://079,android_list,list,9,P09-003,P09,P09,P09-W01,PAGE,YL-A-077,artifact_library,作品,768a217a9a52b880,YL-DS-1.2.0,APPROVED_REQUIRED_BEFORE_VISUAL_IMPLEMENTATION
YL-A-080,ANDROID,工作/任务,android://080,android_job,job,9,P09-005,P09,P09,P09-W01,PAGE,YL-A-077,job_center,任务中心,0298a10efbea93ef,YL-DS-1.2.0,APPROVED_REQUIRED_BEFORE_VISUAL_IMPLEMENTATION
YL-A-081,ANDROID,发现,android://081,android_main_tab,main_tab,7,P09-006,P09,P09,P09-W02,PAGE,,discover_home,发现,a394bfa350011600,YL-DS-1.2.0,APPROVED_REQUIRED_BEFORE_VISUAL_IMPLEMENTATION
YL-A-082,ANDROID,发现/分类,android://082,android_list,list,9,P09-007,P09,P09,P09-W02,PAGE,YL-A-081,discover_category,全部服务,26a0905ff1c79e02,YL-DS-1.2.0,APPROVED_REQUIRED_BEFORE_VISUAL_IMPLEMENTATION
YL-A-083,ANDROID,发现/Prompt模板,android://083,android_list,list,9,P09-008,P09,P09,P09-W02,PAGE,YL-A-081,prompt_templates,Prompt 模板,d17adc6ce7bb30d3,YL-DS-1.2.0,APPROVED_REQUIRED_BEFORE_VISUAL_IMPLEMENTATION
YL-A-084,ANDROID,发现/模型实验室,android://084,android_list,list,9,P09-009,P09,P09,P09-W02,PAGE,YL-A-081,model_lab,模型实验室,921459f16d719332,YL-DS-1.2.0,APPROVED_REQUIRED_BEFORE_VISUAL_IMPLEMENTATION
YL-A-085,ANDROID,发现/公告,android://085,android_list,list,9,P09-010,P09,P09,P09-W02,PAGE,YL-A-081,announcements,公告与更新,1c750b24df13d37d,YL-DS-1.2.0,APPROVED_REQUIRED_BEFORE_VISUAL_IMPLEMENTATION
YL-A-086,ANDROID,我的,android://086,android_main_tab,main_tab,7,P09-012|P09-014,P09,P09,P09-W03,PAGE,,mine,我的,cdc95d3fc1ee8455,YL-DS-1.2.0,APPROVED_REQUIRED_BEFORE_VISUAL_IMPLEMENTATION
YL-A-087,ANDROID,我的/个人资料,android://087,android_settings,settings,8,P09-013,P09,P09,P09-W03,PAGE,YL-A-086,profile,个人资料,2a0dca80bdf352df,YL-DS-1.2.0,APPROVED_REQUIRED_BEFORE_VISUAL_IMPLEMENTATION
YL-A-088,ANDROID,我的/收藏,android://088,android_list,list,9,P09-015,P09,P09,P09-W03,PAGE,YL-A-086,favorites,我的收藏,7f5d64a0a88fef34,YL-DS-1.2.0,APPROVED_REQUIRED_BEFORE_VISUAL_IMPLEMENTATION
YL-A-089,ANDROID,我的/自定义指令,android://089,android_detail,detail,9,P09-017,P09,P09,P09-W04,PAGE,YL-A-086,custom_instructions,自定义指令,fbdc32717e935c00,YL-DS-1.2.0,APPROVED_REQUIRED_BEFORE_VISUAL_IMPLEMENTATION
YL-A-090,ANDROID,我的/个人记忆,android://090,android_settings,settings,8,P09-018,P09,P09,P09-W04,PAGE,YL-A-086,memory,个人记忆,d09221edefc48667,YL-DS-1.2.0,APPROVED_REQUIRED_BEFORE_VISUAL_IMPLEMENTATION
YL-A-091,ANDROID,我的/通知设置,android://091,android_settings,settings,8,P09-019,P09,P09,P09-W04,PAGE,YL-A-086,notifications,通知设置,ac684a86eeae40bc,YL-DS-1.2.0,APPROVED_REQUIRED_BEFORE_VISUAL_IMPLEMENTATION
YL-A-092,ANDROID,我的/外观与语言,android://092,android_settings,settings,8,P09-020,P09,P09,P09-W04,PAGE,YL-A-086,appearance,外观与语言,678e6568c9effb90,YL-DS-1.2.0,APPROVED_REQUIRED_BEFORE_VISUAL_IMPLEMENTATION
YL-A-093,ANDROID,我的/数据与隐私,android://093,android_settings,settings,8,P09-021|P09-022,P09,P09,P09-W05,PAGE,YL-A-086,privacy,数据与隐私,9046b7a6b6a7e894,YL-DS-1.2.0,APPROVED_REQUIRED_BEFORE_VISUAL_IMPLEMENTATION
YL-A-094,ANDROID,我的/检查更新,android://094,android_detail,detail,9,P09-023,P09,P09,P09-W05,PAGE,YL-A-086,app_update,检查更新,d90546bbe1768186,YL-DS-1.2.0,APPROVED_REQUIRED_BEFORE_VISUAL_IMPLEMENTATION
YL-A-095,ANDROID,我的/帮助与反馈,android://095,android_detail,detail,9,P09-024,P09,P09,P09-W05,PAGE,YL-A-086,help,帮助与反馈,859fda08f504fa40,YL-DS-1.2.0,APPROVED_REQUIRED_BEFORE_VISUAL_IMPLEMENTATION
YL-A-096,ANDROID,我的/套餐与会员,android://096,android_detail,finance,10,P10-002,P10,P10,P10-W01,PAGE,YL-A-086,membership,套餐与会员,2a208c0e21a3d8f2,YL-DS-1.2.0,APPROVED_REQUIRED_BEFORE_VISUAL_IMPLEMENTATION
YL-A-097,ANDROID,套餐确认,android://097,android_settings,finance,10,P10-003,P10,P10,P10-W01,PAGE,YL-A-096,plan_confirm,确认订阅,82708712c7396bbe,YL-DS-1.2.0,APPROVED_REQUIRED_BEFORE_VISUAL_IMPLEMENTATION
YL-A-098,ANDROID,我的/钱包,android://098,android_detail,finance,10,P10-009,P10,P10,P10-W02,PAGE,YL-A-086,wallet,钱包,1f95644ec458f796,YL-DS-1.2.0,APPROVED_REQUIRED_BEFORE_VISUAL_IMPLEMENTATION
YL-A-099,ANDROID,我的/账单,android://099,android_list,finance,10,P10-010,P10,P10,P10-W02,PAGE,YL-A-098,bills,账单明细,2e8e1c2106775d18,YL-DS-1.2.0,APPROVED_REQUIRED_BEFORE_VISUAL_IMPLEMENTATION
YL-A-100,ANDROID,我的/用量中心,android://100,android_list,finance,10,P10-016,P10,P10,P10-W03,PAGE,YL-A-086,usage,用量中心,125a81a3b75445e2,YL-DS-1.2.0,APPROVED_REQUIRED_BEFORE_VISUAL_IMPLEMENTATION
YL-M-001,ADMIN,系统设置/工程信息,/admin/001,admin_list,admin_list,8,P00-001,P00,P00,P00-W01,PAGE,,admin_list,工程信息,f2ab3e4be3493ec2,YL-DS-1.2.0,APPROVED_REQUIRED_BEFORE_VISUAL_IMPLEMENTATION
YL-M-002,ADMIN,系统设置/环境配置,/admin/002,admin_config,admin_config,11,P00-002,P00,P00,P00-W01,PAGE,,admin_config,环境配置,7314362a5543abc2,YL-DS-1.2.0,APPROVED_REQUIRED_BEFORE_VISUAL_IMPLEMENTATION
YL-M-003,ADMIN,App发布/构建记录,/admin/003,admin_list,admin_list,8,P00-003,P00,P00,P00-W01,PAGE,,admin_list,构建记录,a0a53e17432bdcf1,YL-DS-1.2.0,APPROVED_REQUIRED_BEFORE_VISUAL_IMPLEMENTATION
YL-M-004,ADMIN,内容运营/设计配置,/admin/004,admin_config,admin_config,11,P00-004,P00,P00,P00-W01,PAGE,,admin_config,设计配置,af0a950ea858bb12,YL-DS-1.2.0,APPROVED_REQUIRED_BEFORE_VISUAL_IMPLEMENTATION
YL-M-005,ADMIN,发现与首页/导航配置,/admin/005,admin_config,admin_config,11,P00-005,P00,P00,P00-W01,PAGE,,admin_config,导航配置,73b06a82bfebeea3,YL-DS-1.2.0,APPROVED_REQUIRED_BEFORE_VISUAL_IMPLEMENTATION
YL-M-006,ADMIN,运维/服务健康,/admin/006,admin_dashboard,admin_dashboard,7,P00-006|P00-007|P00-008,P00,P00,P00-W02,PAGE,,admin_dashboard,服务健康,248c1da86030f0f2,YL-DS-1.2.0,APPROVED_REQUIRED_BEFORE_VISUAL_IMPLEMENTATION
YL-M-007,ADMIN,运维/任务队列,/admin/007,admin_list,admin_list,8,P00-009|P09-005|P12-016,P00|P09|P12,P00,P00-W02|P09-W01|P12-W04,PAGE,,admin_list,任务队列,ef1f51110fe2a864,YL-DS-1.2.0,APPROVED_REQUIRED_BEFORE_VISUAL_IMPLEMENTATION
YL-M-008,ADMIN,运维/定时任务,/admin/008,admin_list,admin_list,8,P00-010,P00,P00,P00-W02,PAGE,,admin_list,定时任务,70ac87dca2fef07c,YL-DS-1.2.0,APPROVED_REQUIRED_BEFORE_VISUAL_IMPLEMENTATION
YL-M-009,ADMIN,运维/数据库迁移,/admin/009,admin_list,admin_list,8,P00-011|P13-004,P00|P13,P00,P00-W03|P13-W01,PAGE,,admin_list,数据库迁移,dfd24de41a722b44,YL-DS-1.2.0,APPROVED_REQUIRED_BEFORE_VISUAL_IMPLEMENTATION
YL-M-010,ADMIN,运维/Redis,/admin/010,admin_list,admin_list,8,P00-012,P00,P00,P00-W03,PAGE,,admin_list,Redis,94b2eb59b247313c,YL-DS-1.2.0,APPROVED_REQUIRED_BEFORE_VISUAL_IMPLEMENTATION
YL-M-011,ADMIN,运维/事件流,/admin/011,admin_list,admin_list,8,P00-013,P00,P00,P00-W03,PAGE,,admin_list,事件流,534093cc4c342664,YL-DS-1.2.0,APPROVED_REQUIRED_BEFORE_VISUAL_IMPLEMENTATION
YL-M-012,ADMIN,文件与存储/存储配置,/admin/012,admin_config,admin_config,11,P00-014,P00,P00,P00-W03,PAGE,,admin_config,存储配置,01ca93d18e20102f,YL-DS-1.2.0,APPROVED_REQUIRED_BEFORE_VISUAL_IMPLEMENTATION
YL-M-013,ADMIN,系统设置/API版本,/admin/013,admin_config,admin_config,11,P00-015,P00,P00,P00-W03,PAGE,,admin_config,API版本,da7469e110c1b1de,YL-DS-1.2.0,APPROVED_REQUIRED_BEFORE_VISUAL_IMPLEMENTATION
YL-M-014,ADMIN,系统设置/功能追踪,/admin/014,admin_list,admin_list,8,P00-016,P00,P00,P00-W04,PAGE,,admin_list,功能追踪,b6add7953daaaa4c,YL-DS-1.2.0,APPROVED_REQUIRED_BEFORE_VISUAL_IMPLEMENTATION
YL-M-015,ADMIN,可观测性/总览,/admin/015,admin_dashboard,admin_dashboard,7,P00-017,P00,P00,P00-W04,PAGE,,admin_dashboard,总览,f3ccd9d5db130a44,YL-DS-1.2.0,APPROVED_REQUIRED_BEFORE_VISUAL_IMPLEMENTATION
YL-M-016,ADMIN,运维/构建记录,/admin/016,admin_list,admin_list,8,P00-018,P00,P00,P00-W04,PAGE,,admin_list,构建记录,7e00f81afe5982e1,YL-DS-1.2.0,APPROVED_REQUIRED_BEFORE_VISUAL_IMPLEMENTATION
YL-M-017,ADMIN,App发布/阶段交付,/admin/017,admin_list,admin_list,8,P00-019,P00,P00,P00-W04,PAGE,,admin_list,阶段交付,0a04fade7807309f,YL-DS-1.2.0,APPROVED_REQUIRED_BEFORE_VISUAL_IMPLEMENTATION
YL-M-018,ADMIN,模型与供应商/能力探测,/admin/018,admin_config,admin_config,11,P00-020|P00-021|P04-004|P04-026,P00|P04,P00,P00-W04|P00-W05|P04-W01|P04-W05,PAGE,,admin_config,能力探测,4a1a46b47871d65f,YL-DS-1.2.0,APPROVED_REQUIRED_BEFORE_VISUAL_IMPLEMENTATION
YL-M-019,ADMIN,安全与审计/秘密状态,/admin/019,admin_approval,admin_approval,8,P00-022,P00,P00,P00-W05,PAGE,,admin_approval,秘密状态,9c7cd3732ad498ef,YL-DS-1.2.0,APPROVED_REQUIRED_BEFORE_VISUAL_IMPLEMENTATION
YL-M-020,ADMIN,管理员与权限/菜单,/admin/020,admin_list,admin_list,8,P00-023,P00,P00,P00-W05,PAGE,,admin_list,菜单,5d512e683ecacb8c,YL-DS-1.2.0,APPROVED_REQUIRED_BEFORE_VISUAL_IMPLEMENTATION
YL-M-021,ADMIN,开发者平台/门户配置,/admin/021,admin_config,admin_config,11,P00-024,P00,P00,P00-W05,PAGE,,admin_config,门户配置,53dc38127246c6af,YL-DS-1.2.0,APPROVED_REQUIRED_BEFORE_VISUAL_IMPLEMENTATION
YL-M-022,ADMIN,认证与用户/认证策略,/admin/022,admin_config,admin_config,11,P01-001,P01,P01,P01-W01,PAGE,,admin_config,认证策略,737adb322c5f3fc5,YL-DS-1.2.0,APPROVED_REQUIRED_BEFORE_VISUAL_IMPLEMENTATION
YL-M-023,ADMIN,认证与用户/安全验证,/admin/023,admin_list,admin_list,8,P01-002|P01-008|P02-004|P02-013|P02-022,P01|P02,P01,P01-W01|P01-W02|P02-W01|P02-W03|P02-W05,PAGE,,admin_list,安全验证,3bcc46735e068b6c,YL-DS-1.2.0,APPROVED_REQUIRED_BEFORE_VISUAL_IMPLEMENTATION
YL-M-024,ADMIN,认证与用户/Turnstile配置,/admin/024,admin_config,admin_config,11,P01-003|P02-005,P01|P02,P01,P01-W01|P02-W01,PAGE,,admin_config,Turnstile配置,ed898e2533628b30,YL-DS-1.2.0,APPROVED_REQUIRED_BEFORE_VISUAL_IMPLEMENTATION
YL-M-025,ADMIN,认证与用户/邮件配置,/admin/025,admin_config,admin_config,11,P01-004,P01,P01,P01-W01,PAGE,,admin_config,邮件配置,32ee132a1ff035db,YL-DS-1.2.0,APPROVED_REQUIRED_BEFORE_VISUAL_IMPLEMENTATION
YL-M-026,ADMIN,认证与用户/验证码策略,/admin/026,admin_config,admin_config,11,P01-005|P01-009|P01-021|P02-006|P02-008|P02-014,P01|P02,P01,P01-W01|P01-W02|P01-W04|P02-W01|P02-W02|P02-W03,PAGE,,admin_config,验证码策略,dc1259eb9b5aaa12,YL-DS-1.2.0,APPROVED_REQUIRED_BEFORE_VISUAL_IMPLEMENTATION
YL-M-027,ADMIN,认证与用户/用户列表,/admin/027,admin_list,admin_list,8,P01-006|P01-022|P01-024|P02-015,P01|P02,P01,P01-W01|P01-W04|P01-W05|P02-W03,PAGE,,admin_list,用户列表,dfab2555b4e3d6a2,YL-DS-1.2.0,APPROVED_REQUIRED_BEFORE_VISUAL_IMPLEMENTATION
YL-M-028,ADMIN,认证与用户/异常注册,/admin/028,admin_list,admin_list,8,P01-007,P01,P01,P01-W02,PAGE,,admin_list,异常注册,67c9128f87b19d38,YL-DS-1.2.0,APPROVED_REQUIRED_BEFORE_VISUAL_IMPLEMENTATION
YL-M-029,ADMIN,认证与用户/登录日志,/admin/029,admin_dashboard,admin_dashboard,7,P01-010|P02-007,P01|P02,P01,P01-W02|P02-W02,PAGE,,admin_dashboard,登录日志,64e0d895791b65a4,YL-DS-1.2.0,APPROVED_REQUIRED_BEFORE_VISUAL_IMPLEMENTATION
YL-M-030,ADMIN,认证与用户/会话管理,/admin/030,admin_list,admin_list,8,P01-011|P01-012|P01-013|P02-001|P02-009|P02-017|P02-019,P01|P02,P01,P01-W02|P01-W03|P02-W01|P02-W02|P02-W04,PAGE,,admin_list,会话管理,f969b2d266f2a22a,YL-DS-1.2.0,APPROVED_REQUIRED_BEFORE_VISUAL_IMPLEMENTATION
YL-M-031,ADMIN,认证与用户/设备管理,/admin/031,admin_list,admin_list,8,P01-014|P01-015|P01-016|P02-020|P02-021,P01|P02,P01,P01-W03|P02-W04,PAGE,,admin_list,设备管理,a3e335a2253a65c0,YL-DS-1.2.0,APPROVED_REQUIRED_BEFORE_VISUAL_IMPLEMENTATION
YL-M-032,ADMIN,安全与审计/风控规则,/admin/032,admin_approval,admin_approval,8,P01-017,P01,P01,P01-W03,PAGE,,admin_approval,风控规则,6c1494fa670e850f,YL-DS-1.2.0,APPROVED_REQUIRED_BEFORE_VISUAL_IMPLEMENTATION
YL-M-033,ADMIN,安全与审计/认证事件,/admin/033,admin_approval,admin_approval,8,P01-018,P01,P01,P01-W03,PAGE,,admin_approval,认证事件,e2bd2df74ccda34f,YL-DS-1.2.0,APPROVED_REQUIRED_BEFORE_VISUAL_IMPLEMENTATION
YL-M-034,ADMIN,系统设置/邮件服务,/admin/034,admin_config,admin_config,11,P01-019,P01,P01,P01-W04,PAGE,,admin_config,邮件服务,5dec22542c0030f3,YL-DS-1.2.0,APPROVED_REQUIRED_BEFORE_VISUAL_IMPLEMENTATION
YL-M-035,ADMIN,系统设置/Turnstile,/admin/035,admin_config,admin_config,11,P01-020,P01,P01,P01-W04,PAGE,,admin_config,Turnstile,d8ac2cfab7bfff57,YL-DS-1.2.0,APPROVED_REQUIRED_BEFORE_VISUAL_IMPLEMENTATION
YL-M-036,ADMIN,认证与用户/用户详情,/admin/036,admin_detail,admin_detail,11,P01-023|P02-016|P09-012|P09-013,P01|P02|P09,P01,P01-W04|P02-W03|P09-W03,PAGE,,admin_detail,用户详情,7fbfc6e91f2fe779,YL-DS-1.2.0,APPROVED_REQUIRED_BEFORE_VISUAL_IMPLEMENTATION
YL-M-037,ADMIN,管理员与权限/角色,/admin/037,admin_list,admin_list,8,P01-025,P01,P01,P01-W05,PAGE,,admin_list,角色,23e9e29ac840eb0c,YL-DS-1.2.0,APPROVED_REQUIRED_BEFORE_VISUAL_IMPLEMENTATION
YL-M-038,ADMIN,管理员与权限/管理员,/admin/038,admin_list,admin_list,8,P01-026,P01,P01,P01-W05,PAGE,,admin_list,管理员,6f60e6529baf651a,YL-DS-1.2.0,APPROVED_REQUIRED_BEFORE_VISUAL_IMPLEMENTATION
YL-M-039,ADMIN,安全与审计/高风险操作,/admin/039,admin_approval,admin_approval,8,P01-027,P01,P01,P01-W05,PAGE,,admin_approval,高风险操作,cc08a3325c07dc87,YL-DS-1.2.0,APPROVED_REQUIRED_BEFORE_VISUAL_IMPLEMENTATION
YL-M-040,ADMIN,通知中心/邮件模板,/admin/040,admin_config,admin_config,11,P01-028,P01,P01,P01-W05,PAGE,,admin_config,邮件模板,fd7697e9dfed94f5,YL-DS-1.2.0,APPROVED_REQUIRED_BEFORE_VISUAL_IMPLEMENTATION
YL-M-041,ADMIN,认证与用户/登录配置,/admin/041,admin_config,admin_config,11,P02-002,P02,P02,P02-W01,PAGE,,admin_config,登录配置,89776925756412b9,YL-DS-1.2.0,APPROVED_REQUIRED_BEFORE_VISUAL_IMPLEMENTATION
YL-M-042,ADMIN,认证与用户/注册配置,/admin/042,admin_config,admin_config,11,P02-010,P02,P02,P02-W02,PAGE,,admin_config,注册配置,17fe5e68e161a987,YL-DS-1.2.0,APPROVED_REQUIRED_BEFORE_VISUAL_IMPLEMENTATION
YL-M-043,ADMIN,认证与用户/密码策略,/admin/043,admin_config,admin_config,11,P02-011,P02,P02,P02-W02,PAGE,,admin_config,密码策略,61b5f7129a6b2823,YL-DS-1.2.0,APPROVED_REQUIRED_BEFORE_VISUAL_IMPLEMENTATION
YL-M-044,ADMIN,安全与审计/移动端安全,/admin/044,admin_approval,admin_approval,8,P02-026,P02,P02,P02-W05,PAGE,,admin_approval,移动端安全,89af0dae3982b65b,YL-DS-1.2.0,APPROVED_REQUIRED_BEFORE_VISUAL_IMPLEMENTATION
YL-M-045,ADMIN,内容运营/首页配置,/admin/045,admin_config,admin_config,11,P03-001,P03,P03,P03-W01,PAGE,,admin_config,首页配置,4ace9e8a69bad252,YL-DS-1.2.0,APPROVED_REQUIRED_BEFORE_VISUAL_IMPLEMENTATION
YL-M-046,ADMIN,对话与内容/会话列表,/admin/046,admin_list,admin_list,8,P03-002|P03-003|P03-006|P03-035,P03,P03,P03-W01|P03-W05,PAGE,,admin_list,会话列表,a05a383c58bee89c,YL-DS-1.2.0,APPROVED_REQUIRED_BEFORE_VISUAL_IMPLEMENTATION
YL-M-047,ADMIN,对话与内容/搜索配置,/admin/047,admin_config,admin_config,11,P03-004,P03,P03,P03-W01,PAGE,,admin_config,搜索配置,082856a3759b7216,YL-DS-1.2.0,APPROVED_REQUIRED_BEFORE_VISUAL_IMPLEMENTATION
YL-M-048,ADMIN,对话与内容/会话详情,/admin/048,admin_detail,admin_detail,11,P03-005|P04-008,P03|P04,P03,P03-W01|P04-W02,PAGE,,admin_detail,会话详情,ecff2376e9c4bcfb,YL-DS-1.2.0,APPROVED_REQUIRED_BEFORE_VISUAL_IMPLEMENTATION
YL-M-049,ADMIN,对话与内容/删除策略,/admin/049,admin_config,admin_config,11,P03-007,P03,P03,P03-W01,PAGE,,admin_config,删除策略,dfe1791ad4af1ae6,YL-DS-1.2.0,APPROVED_REQUIRED_BEFORE_VISUAL_IMPLEMENTATION
YL-M-050,ADMIN,对话与内容/标题模型,/admin/050,admin_list,admin_list,8,P03-008,P03,P03,P03-W02,PAGE,,admin_list,标题模型,dc90131581ec04b3,YL-DS-1.2.0,APPROVED_REQUIRED_BEFORE_VISUAL_IMPLEMENTATION
YL-M-051,ADMIN,模型与供应商/模型目录,/admin/051,admin_config,admin_config,11,P03-009|P04-001|P04-003|P04-009|P04-021,P03|P04,P03,P03-W02|P04-W01|P04-W02|P04-W04,PAGE,,admin_config,模型目录,83542585e596a2d9,YL-DS-1.2.0,APPROVED_REQUIRED_BEFORE_VISUAL_IMPLEMENTATION
YL-M-052,ADMIN,运维/流式连接,/admin/052,admin_list,admin_list,8,P03-010|P03-012,P03,P03,P03-W02,PAGE,,admin_list,流式连接,334f60e980ad63ac,YL-DS-1.2.0,APPROVED_REQUIRED_BEFORE_VISUAL_IMPLEMENTATION
YL-M-053,ADMIN,对话与内容/运行记录,/admin/053,admin_list,admin_list,8,P03-011|P03-013|P03-015|P03-024|P03-026|P04-010,P03|P04,P03,P03-W02|P03-W03|P03-W04|P04-W02,PAGE,,admin_list,运行记录,d3d9c97b9992f4bb,YL-DS-1.2.0,APPROVED_REQUIRED_BEFORE_VISUAL_IMPLEMENTATION
YL-M-054,ADMIN,对话与内容/消息查询,/admin/054,admin_list,admin_list,8,P03-014,P03,P03,P03-W02,PAGE,,admin_list,消息查询,f19bbc5f71d1c95b,YL-DS-1.2.0,APPROVED_REQUIRED_BEFORE_VISUAL_IMPLEMENTATION
YL-M-055,ADMIN,对话与内容/引用记录,/admin/055,admin_list,admin_list,8,P03-021,P03,P03,P03-W03,PAGE,,admin_list,引用记录,c0fee55d0f217114,YL-DS-1.2.0,APPROVED_REQUIRED_BEFORE_VISUAL_IMPLEMENTATION
YL-M-056,ADMIN,对话与内容/导出记录,/admin/056,admin_list,admin_list,8,P03-023|P03-029,P03,P03,P03-W04|P03-W05,PAGE,,admin_list,导出记录,aa5665947c0b08af,YL-DS-1.2.0,APPROVED_REQUIRED_BEFORE_VISUAL_IMPLEMENTATION
YL-M-057,ADMIN,对话与内容/用户反馈,/admin/057,admin_list,admin_list,8,P03-025,P03,P03,P03-W04,PAGE,,admin_list,用户反馈,34d6ffe4710a9d51,YL-DS-1.2.0,APPROVED_REQUIRED_BEFORE_VISUAL_IMPLEMENTATION
YL-M-058,ADMIN,对话与内容/保留策略,/admin/058,admin_config,admin_config,11,P03-028,P03,P03,P03-W04,PAGE,,admin_config,保留策略,ddb93ce3e0658106,YL-DS-1.2.0,APPROVED_REQUIRED_BEFORE_VISUAL_IMPLEMENTATION
YL-M-059,ADMIN,AI工具/语音配置,/admin/059,admin_config,admin_config,11,P03-030,P03,P03,P03-W05,PAGE,,admin_config,语音配置,66e9e5a915838e80,YL-DS-1.2.0,APPROVED_REQUIRED_BEFORE_VISUAL_IMPLEMENTATION
YL-M-060,ADMIN,安全与审计/访问拒绝,/admin/060,admin_approval,admin_approval,8,P03-033,P03,P03,P03-W05,PAGE,,admin_approval,访问拒绝,94f525a2a9ecd1d6,YL-DS-1.2.0,APPROVED_REQUIRED_BEFORE_VISUAL_IMPLEMENTATION
YL-M-061,ADMIN,可观测性/AI运行,/admin/061,admin_list,admin_list,8,P03-034,P03,P03,P03-W05,PAGE,,admin_list,AI运行,4d6b837373153996,YL-DS-1.2.0,APPROVED_REQUIRED_BEFORE_VISUAL_IMPLEMENTATION
YL-M-062,ADMIN,模型与供应商/供应商,/admin/062,admin_list,admin_list,8,P04-002,P04,P04,P04-W01,PAGE,,admin_list,供应商,387b8092e6ed2128,YL-DS-1.2.0,APPROVED_REQUIRED_BEFORE_VISUAL_IMPLEMENTATION
YL-M-063,ADMIN,模型与供应商/推理映射,/admin/063,admin_config,admin_config,11,P04-005|P04-006|P04-023,P04,P04,P04-W01|P04-W04,PAGE,,admin_config,推理映射,6f695181346abb1f,YL-DS-1.2.0,APPROVED_REQUIRED_BEFORE_VISUAL_IMPLEMENTATION
YL-M-064,ADMIN,模型与供应商/默认配置,/admin/064,admin_config,admin_config,11,P04-007|P09-016,P04|P09,P04,P04-W02|P09-W04,PAGE,,admin_config,默认配置,38d89f40ee7bba83,YL-DS-1.2.0,APPROVED_REQUIRED_BEFORE_VISUAL_IMPLEMENTATION
YL-M-065,ADMIN,对话与内容/分支,/admin/065,admin_list,admin_list,8,P04-011|P04-012|P04-013,P04,P04,P04-W02|P04-W03,PAGE,,admin_list,分支,902adb15c3d93806,YL-DS-1.2.0,APPROVED_REQUIRED_BEFORE_VISUAL_IMPLEMENTATION
YL-M-066,ADMIN,AI工具/多模型对比,/admin/066,admin_list,admin_list,8,P04-014|P04-015|P04-016|P04-017,P04,P04,P04-W03,PAGE,,admin_list,多模型对比,b3b5e76282fc7334,YL-DS-1.2.0,APPROVED_REQUIRED_BEFORE_VISUAL_IMPLEMENTATION
YL-M-067,ADMIN,模型与供应商/服务状态,/admin/067,admin_dashboard,admin_dashboard,7,P04-018,P04,P04,P04-W03,PAGE,,admin_dashboard,服务状态,d66a8297aac6a7df,YL-DS-1.2.0,APPROVED_REQUIRED_BEFORE_VISUAL_IMPLEMENTATION
YL-M-068,ADMIN,模型与供应商/路由策略,/admin/068,admin_config,admin_config,11,P04-019|P04-024|P13-009,P04|P13,P04,P04-W04|P13-W02,PAGE,,admin_config,路由策略,7101d48451f6b472,YL-DS-1.2.0,APPROVED_REQUIRED_BEFORE_VISUAL_IMPLEMENTATION
YL-M-069,ADMIN,模型与供应商/通道,/admin/069,admin_config,admin_config,11,P04-020|P13-006|P13-007|P13-008,P04|P13,P04,P04-W04|P13-W02,PAGE,,admin_config,通道,64f7c30a8c77aeb1,YL-DS-1.2.0,APPROVED_REQUIRED_BEFORE_VISUAL_IMPLEMENTATION
YL-M-070,ADMIN,模型与供应商/能力,/admin/070,admin_config,admin_config,11,P04-022|P05-007,P04|P05,P04,P04-W04|P05-W01,PAGE,,admin_config,能力,154b862ba3098f82,YL-DS-1.2.0,APPROVED_REQUIRED_BEFORE_VISUAL_IMPLEMENTATION
YL-M-071,ADMIN,模型与供应商/健康探测,/admin/071,admin_dashboard,admin_dashboard,7,P04-025,P04,P04,P04-W05,PAGE,,admin_dashboard,健康探测,cec573d4c8d3f44b,YL-DS-1.2.0,APPROVED_REQUIRED_BEFORE_VISUAL_IMPLEMENTATION
YL-M-072,ADMIN,模型与供应商/运行策略,/admin/072,admin_config,admin_config,11,P04-027,P04,P04,P04-W05,PAGE,,admin_config,运行策略,68289ba0aa56b6d7,YL-DS-1.2.0,APPROVED_REQUIRED_BEFORE_VISUAL_IMPLEMENTATION
YL-M-073,ADMIN,商业化/用量记录,/admin/073,admin_list,admin_list,8,P04-028,P04,P04,P04-W05,PAGE,,admin_list,用量记录,d0cf0dc8323635fb,YL-DS-1.2.0,APPROVED_REQUIRED_BEFORE_VISUAL_IMPLEMENTATION
YL-M-074,ADMIN,商业化/模型价格,/admin/074,admin_list,admin_list,8,P04-029|P10-014|P10-029|P11-025,P04|P10|P11,P04,P04-W05|P10-W03|P10-W05|P11-W04,PAGE,,admin_list,模型价格,64465e767b3ba419,YL-DS-1.2.0,APPROVED_REQUIRED_BEFORE_VISUAL_IMPLEMENTATION
YL-M-075,ADMIN,运维/事故管理,/admin/075,admin_dashboard,admin_dashboard,7,P04-030,P04,P04,P04-W05,PAGE,,admin_dashboard,事故管理,083304fd34772f67,YL-DS-1.2.0,APPROVED_REQUIRED_BEFORE_VISUAL_IMPLEMENTATION
YL-M-076,ADMIN,文件与存储/文件列表,/admin/076,admin_list,admin_list,8,P05-001|P05-003|P05-015|P05-016|P05-022|P07-006,P05|P07,P05,P05-W01|P05-W03|P05-W04|P07-W01,PAGE,,admin_list,文件列表,ee0d59224c56abfb,YL-DS-1.2.0,APPROVED_REQUIRED_BEFORE_VISUAL_IMPLEMENTATION
YL-M-077,ADMIN,文件与存储/上传记录,/admin/077,admin_list,admin_list,8,P05-002,P05,P05,P05-W01,PAGE,,admin_list,上传记录,e39ec1e04d459b81,YL-DS-1.2.0,APPROVED_REQUIRED_BEFORE_VISUAL_IMPLEMENTATION
YL-M-078,ADMIN,文件与存储/安全策略,/admin/078,admin_config,admin_config,11,P05-004,P05,P05,P05-W01,PAGE,,admin_config,安全策略,6d26b8c7076261e1,YL-DS-1.2.0,APPROVED_REQUIRED_BEFORE_VISUAL_IMPLEMENTATION
YL-M-079,ADMIN,文件与存储/隔离区,/admin/079,admin_list,admin_list,8,P05-005,P05,P05,P05-W01,PAGE,,admin_list,隔离区,72dcb32cc6242adf,YL-DS-1.2.0,APPROVED_REQUIRED_BEFORE_VISUAL_IMPLEMENTATION
YL-M-080,ADMIN,文件与存储/处理任务,/admin/080,admin_list,admin_list,8,P05-006,P05,P05,P05-W01,PAGE,,admin_list,处理任务,a84197f8a9f9f2e7,YL-DS-1.2.0,APPROVED_REQUIRED_BEFORE_VISUAL_IMPLEMENTATION
YL-M-081,ADMIN,文件与存储/解析任务,/admin/081,admin_list,admin_list,8,P05-008|P05-009|P05-010|P05-011|P05-012|P05-023,P05,P05,P05-W02|P05-W04,PAGE,,admin_list,解析任务,2ddfa4f65af21778,YL-DS-1.2.0,APPROVED_REQUIRED_BEFORE_VISUAL_IMPLEMENTATION
YL-M-082,ADMIN,文件与存储/文件详情,/admin/082,admin_detail,admin_detail,11,P05-013|P05-017,P05,P05,P05-W02|P05-W03,PAGE,,admin_detail,文件详情,f1641894cce1d1e7,YL-DS-1.2.0,APPROVED_REQUIRED_BEFORE_VISUAL_IMPLEMENTATION
YL-M-083,ADMIN,对话与内容/附件,/admin/083,admin_list,admin_list,8,P05-014,P05,P05,P05-W03,PAGE,,admin_list,附件,61f2b4cf1167cf8a,YL-DS-1.2.0,APPROVED_REQUIRED_BEFORE_VISUAL_IMPLEMENTATION
YL-M-084,ADMIN,文件与存储/下载记录,/admin/084,admin_list,admin_list,8,P05-018,P05,P05,P05-W03,PAGE,,admin_list,下载记录,4f6fe54b826953ab,YL-DS-1.2.0,APPROVED_REQUIRED_BEFORE_VISUAL_IMPLEMENTATION
YL-M-085,ADMIN,文件与存储/删除策略,/admin/085,admin_config,admin_config,11,P05-019,P05,P05,P05-W03,PAGE,,admin_config,删除策略,95a4837d823fe68d,YL-DS-1.2.0,APPROVED_REQUIRED_BEFORE_VISUAL_IMPLEMENTATION
YL-M-086,ADMIN,商业化/权益配置,/admin/086,admin_config,admin_config,11,P05-020|P06-018,P05|P06,P05,P05-W04|P06-W04,PAGE,,admin_config,权益配置,596179b46878a440,YL-DS-1.2.0,APPROVED_REQUIRED_BEFORE_VISUAL_IMPLEMENTATION
YL-M-087,ADMIN,文件与存储/清理任务,/admin/087,admin_list,admin_list,8,P05-021|P05-025,P05,P05,P05-W04,PAGE,,admin_list,清理任务,b0679356001ad826,YL-DS-1.2.0,APPROVED_REQUIRED_BEFORE_VISUAL_IMPLEMENTATION
YL-M-088,ADMIN,文件与存储/供应商引用,/admin/088,admin_list,admin_list,8,P05-024,P05,P05,P05-W04,PAGE,,admin_list,供应商引用,947e84cac2b73a32,YL-DS-1.2.0,APPROVED_REQUIRED_BEFORE_VISUAL_IMPLEMENTATION
YL-M-089,ADMIN,项目与知识库/项目列表,/admin/089,admin_list,admin_list,8,P06-001|P06-002|P06-005,P06,P06,P06-W01,PAGE,,admin_list,项目列表,66129fd4c084be78,YL-DS-1.2.0,APPROVED_REQUIRED_BEFORE_VISUAL_IMPLEMENTATION
YL-M-090,ADMIN,项目与知识库/项目详情,/admin/090,admin_detail,admin_detail,11,P06-003|P06-004|P06-007|P06-009,P06,P06,P06-W01|P06-W02,PAGE,,admin_detail,项目详情,e8778cca85d89221,YL-DS-1.2.0,APPROVED_REQUIRED_BEFORE_VISUAL_IMPLEMENTATION
YL-M-091,ADMIN,项目与知识库/项目指令,/admin/091,admin_list,admin_list,8,P06-006,P06,P06,P06-W02,PAGE,,admin_list,项目指令,79f419c85f305826,YL-DS-1.2.0,APPROVED_REQUIRED_BEFORE_VISUAL_IMPLEMENTATION
YL-M-092,ADMIN,项目与知识库/文件,/admin/092,admin_list,admin_list,8,P06-008,P06,P06,P06-W02,PAGE,,admin_list,文件,326b45875cacaf0a,YL-DS-1.2.0,APPROVED_REQUIRED_BEFORE_VISUAL_IMPLEMENTATION
YL-M-093,ADMIN,项目与知识库/索引任务,/admin/093,admin_list,admin_list,8,P06-010|P06-011|P06-015|P06-016,P06,P06,P06-W02|P06-W03|P06-W04,PAGE,,admin_list,索引任务,5866d6254411d17e,YL-DS-1.2.0,APPROVED_REQUIRED_BEFORE_VISUAL_IMPLEMENTATION
YL-M-094,ADMIN,项目与知识库/检索诊断,/admin/094,admin_detail,admin_detail,11,P06-012,P06,P06,P06-W03,PAGE,,admin_detail,检索诊断,dfea7876f2e48e59,YL-DS-1.2.0,APPROVED_REQUIRED_BEFORE_VISUAL_IMPLEMENTATION
YL-M-095,ADMIN,项目与知识库/上下文策略,/admin/095,admin_config,admin_config,11,P06-013,P06,P06,P06-W03,PAGE,,admin_config,上下文策略,7497f838892b2a97,YL-DS-1.2.0,APPROVED_REQUIRED_BEFORE_VISUAL_IMPLEMENTATION
YL-M-096,ADMIN,项目与知识库/引用,/admin/096,admin_list,admin_list,8,P06-014,P06,P06,P06-W03,PAGE,,admin_list,引用,646704f20c44ca84,YL-DS-1.2.0,APPROVED_REQUIRED_BEFORE_VISUAL_IMPLEMENTATION
YL-M-097,ADMIN,项目与知识库/搜索,/admin/097,admin_list,admin_list,8,P06-017,P06,P06,P06-W04,PAGE,,admin_list,搜索,b30fb1b346c121d9,YL-DS-1.2.0,APPROVED_REQUIRED_BEFORE_VISUAL_IMPLEMENTATION
YL-M-098,ADMIN,项目与知识库/诊断,/admin/098,admin_detail,admin_detail,11,P06-019,P06,P06,P06-W04,PAGE,,admin_detail,诊断,e96f4e9e228e5c0f,YL-DS-1.2.0,APPROVED_REQUIRED_BEFORE_VISUAL_IMPLEMENTATION
YL-M-099,ADMIN,项目与知识库/检索测试,/admin/099,admin_detail,admin_detail,11,P06-020,P06,P06,P06-W04,PAGE,,admin_detail,检索测试,0db689401818e680,YL-DS-1.2.0,APPROVED_REQUIRED_BEFORE_VISUAL_IMPLEMENTATION
YL-M-100,ADMIN,AI工具/图片配置,/admin/100,admin_config,admin_config,11,P07-001|P07-002|P07-005|P07-021,P07,P07,P07-W01|P07-W04,PAGE,,admin_config,图片配置,e87cb4e8fec99774,YL-DS-1.2.0,APPROVED_REQUIRED_BEFORE_VISUAL_IMPLEMENTATION
YL-M-101,ADMIN,AI工具/图片模型,/admin/101,admin_list,admin_list,8,P07-004,P07,P07,P07-W01,PAGE,,admin_list,图片模型,7c2e9297c1e3ab9d,YL-DS-1.2.0,APPROVED_REQUIRED_BEFORE_VISUAL_IMPLEMENTATION
YL-M-102,ADMIN,AI工具/图片任务,/admin/102,admin_list,admin_list,8,P07-007|P07-008|P07-010|P07-011|P07-012|P07-020|P07-022,P07,P07,P07-W02|P07-W04,PAGE,,admin_list,图片任务,fff332c296c9d1c7,YL-DS-1.2.0,APPROVED_REQUIRED_BEFORE_VISUAL_IMPLEMENTATION
YL-M-103,ADMIN,商业化/冻结记录,/admin/103,admin_list,admin_list,8,P07-009|P10-015,P07|P10,P07,P07-W02|P10-W03,PAGE,,admin_list,冻结记录,849d875a6a5988b0,YL-DS-1.2.0,APPROVED_REQUIRED_BEFORE_VISUAL_IMPLEMENTATION
YL-M-104,ADMIN,通知中心/模板,/admin/104,admin_config,admin_config,11,P07-013,P07,P07,P07-W03,PAGE,,admin_config,模板,8674d4de88285b63,YL-DS-1.2.0,APPROVED_REQUIRED_BEFORE_VISUAL_IMPLEMENTATION
YL-M-105,ADMIN,作品中心/图片作品,/admin/105,admin_list,admin_list,8,P07-014,P07,P07,P07-W03,PAGE,,admin_list,图片作品,4555bab66d9ad79f,YL-DS-1.2.0,APPROVED_REQUIRED_BEFORE_VISUAL_IMPLEMENTATION
YL-M-106,ADMIN,作品中心/作品详情,/admin/106,admin_detail,admin_detail,11,P07-015|P09-004,P07|P09,P07,P07-W03|P09-W01,PAGE,,admin_detail,作品详情,772c4862a64e8d85,YL-DS-1.2.0,APPROVED_REQUIRED_BEFORE_VISUAL_IMPLEMENTATION
YL-M-107,ADMIN,作品中心/下载记录,/admin/107,admin_list,admin_list,8,P07-016|P08-020,P07|P08,P07,P07-W03|P08-W04,PAGE,,admin_list,下载记录,539e08e2d0ac25b0,YL-DS-1.2.0,APPROVED_REQUIRED_BEFORE_VISUAL_IMPLEMENTATION
YL-M-108,ADMIN,作品中心/作品版本,/admin/108,admin_config,admin_config,11,P07-017|P08-019,P07|P08,P07,P07-W03|P08-W03,PAGE,,admin_config,作品版本,d096b31e1c5aa086,YL-DS-1.2.0,APPROVED_REQUIRED_BEFORE_VISUAL_IMPLEMENTATION
YL-M-109,ADMIN,安全与审计/内容安全,/admin/109,admin_approval,admin_approval,8,P07-018,P07,P07,P07-W04,PAGE,,admin_approval,内容安全,dc731c1b3b5fb783,YL-DS-1.2.0,APPROVED_REQUIRED_BEFORE_VISUAL_IMPLEMENTATION
YL-M-110,ADMIN,商业化/账本,/admin/110,admin_list,admin_list,8,P07-019|P08-025|P10-007|P10-010,P07|P08|P10,P07,P07-W04|P08-W04|P10-W02,PAGE,,admin_list,账本,26ca4679d32fd24d,YL-DS-1.2.0,APPROVED_REQUIRED_BEFORE_VISUAL_IMPLEMENTATION
YL-M-111,ADMIN,AI工具/PPT项目,/admin/111,admin_list,admin_list,8,P08-001|P08-002|P08-003|P08-006|P08-007|P08-014|P08-015|P08-018|P08-021,P08,P08,P08-W01|P08-W03|P08-W04,PAGE,,admin_list,PPT项目,05c657c52d8e12e6,YL-DS-1.2.0,APPROVED_REQUIRED_BEFORE_VISUAL_IMPLEMENTATION
YL-M-112,ADMIN,AI工具/PPT模板,/admin/112,admin_config,admin_config,11,P08-004|P08-017|P08-022,P08,P08,P08-W01|P08-W03|P08-W04,PAGE,,admin_config,PPT模板,64208316b1764771,YL-DS-1.2.0,APPROVED_REQUIRED_BEFORE_VISUAL_IMPLEMENTATION
YL-M-113,ADMIN,AI工具/PPT任务,/admin/113,admin_list,admin_list,8,P08-005|P08-008|P08-010|P08-012|P08-013|P08-016|P08-024,P08,P08,P08-W01|P08-W02|P08-W03|P08-W04,PAGE,,admin_list,PPT任务,dde86af65f3531b4,YL-DS-1.2.0,APPROVED_REQUIRED_BEFORE_VISUAL_IMPLEMENTATION
YL-M-114,ADMIN,AI工具/PPT诊断,/admin/114,admin_detail,admin_detail,11,P08-009|P08-023,P08,P08,P08-W02|P08-W04,PAGE,,admin_detail,PPT诊断,f0b2f7f11aac30fe,YL-DS-1.2.0,APPROVED_REQUIRED_BEFORE_VISUAL_IMPLEMENTATION
YL-M-115,ADMIN,作品中心/PPT作品,/admin/115,admin_list,admin_list,8,P08-011,P08,P08,P08-W02,PAGE,,admin_list,PPT作品,6ea925aff8b7a958,YL-DS-1.2.0,APPROVED_REQUIRED_BEFORE_VISUAL_IMPLEMENTATION
YL-M-116,ADMIN,内容运营/工作页配置,/admin/116,admin_config,admin_config,11,P09-001,P09,P09,P09-W01,PAGE,,admin_config,工作页配置,a37bdfe9e12b594c,YL-DS-1.2.0,APPROVED_REQUIRED_BEFORE_VISUAL_IMPLEMENTATION
YL-M-117,ADMIN,AI工具/工具目录,/admin/117,admin_config,admin_config,11,P09-002,P09,P09,P09-W01,PAGE,,admin_config,工具目录,295b38cb2dedc64b,YL-DS-1.2.0,APPROVED_REQUIRED_BEFORE_VISUAL_IMPLEMENTATION
YL-M-118,ADMIN,作品中心/作品列表,/admin/118,admin_list,admin_list,8,P09-003,P09,P09,P09-W01,PAGE,,admin_list,作品列表,6a0e8dd85018b71a,YL-DS-1.2.0,APPROVED_REQUIRED_BEFORE_VISUAL_IMPLEMENTATION
YL-M-119,ADMIN,内容运营/发现页,/admin/119,admin_list,admin_list,8,P09-006|P09-007|P09-011,P09,P09,P09-W02|P09-W03,PAGE,,admin_list,发现页,cd0229fff200be99,YL-DS-1.2.0,APPROVED_REQUIRED_BEFORE_VISUAL_IMPLEMENTATION
YL-M-120,ADMIN,内容运营/Prompt模板,/admin/120,admin_config,admin_config,11,P09-008,P09,P09,P09-W02,PAGE,,admin_config,Prompt模板,d5be82de88cd183d,YL-DS-1.2.0,APPROVED_REQUIRED_BEFORE_VISUAL_IMPLEMENTATION
YL-M-121,ADMIN,模型与供应商/模型展示,/admin/121,admin_list,admin_list,8,P09-009,P09,P09,P09-W02,PAGE,,admin_list,模型展示,9a633fb0d273a410,YL-DS-1.2.0,APPROVED_REQUIRED_BEFORE_VISUAL_IMPLEMENTATION
YL-M-122,ADMIN,内容运营/公告,/admin/122,admin_list,admin_list,8,P09-010,P09,P09,P09-W02,PAGE,,admin_list,公告,c879232bd2ae56ce,YL-DS-1.2.0,APPROVED_REQUIRED_BEFORE_VISUAL_IMPLEMENTATION
YL-M-123,ADMIN,内容运营/收藏统计,/admin/123,admin_list,admin_list,8,P09-015,P09,P09,P09-W03,PAGE,,admin_list,收藏统计,eb804a490df3e209,YL-DS-1.2.0,APPROVED_REQUIRED_BEFORE_VISUAL_IMPLEMENTATION
YL-M-124,ADMIN,对话与内容/指令策略,/admin/124,admin_config,admin_config,11,P09-017,P09,P09,P09-W04,PAGE,,admin_config,指令策略,41fca3b8c48782ec,YL-DS-1.2.0,APPROVED_REQUIRED_BEFORE_VISUAL_IMPLEMENTATION
YL-M-125,ADMIN,对话与内容/记忆管理,/admin/125,admin_list,admin_list,8,P09-018,P09,P09,P09-W04,PAGE,,admin_list,记忆管理,28937975127da1bd,YL-DS-1.2.0,APPROVED_REQUIRED_BEFORE_VISUAL_IMPLEMENTATION
YL-M-126,ADMIN,通知中心/用户设置,/admin/126,admin_list,admin_list,8,P09-019,P09,P09,P09-W04,PAGE,,admin_list,用户设置,77262ca17c9ddd43,YL-DS-1.2.0,APPROVED_REQUIRED_BEFORE_VISUAL_IMPLEMENTATION
YL-M-127,ADMIN,系统设置/默认外观,/admin/127,admin_config,admin_config,11,P09-020,P09,P09,P09-W04,PAGE,,admin_config,默认外观,6afe6468124c85be,YL-DS-1.2.0,APPROVED_REQUIRED_BEFORE_VISUAL_IMPLEMENTATION
YL-M-128,ADMIN,安全与审计/数据导出,/admin/128,admin_approval,admin_approval,8,P09-021,P09,P09,P09-W05,PAGE,,admin_approval,数据导出,a0c9047d15879980,YL-DS-1.2.0,APPROVED_REQUIRED_BEFORE_VISUAL_IMPLEMENTATION
YL-M-129,ADMIN,安全与审计/删除请求,/admin/129,admin_approval,admin_approval,8,P09-022,P09,P09,P09-W05,PAGE,,admin_approval,删除请求,a76952eb2f2b781e,YL-DS-1.2.0,APPROVED_REQUIRED_BEFORE_VISUAL_IMPLEMENTATION
YL-M-130,ADMIN,系统运营/App版本,/admin/130,admin_config,admin_config,11,P09-023|P13-013,P09|P13,P09,P09-W05|P13-W03,PAGE,,admin_config,App版本,a08f0caeb16a31d2,YL-DS-1.2.0,APPROVED_REQUIRED_BEFORE_VISUAL_IMPLEMENTATION
YL-M-131,ADMIN,系统运营/反馈工单,/admin/131,admin_list,admin_list,8,P09-024,P09,P09,P09-W05,PAGE,,admin_list,反馈工单,bbce05b15dd683c2,YL-DS-1.2.0,APPROVED_REQUIRED_BEFORE_VISUAL_IMPLEMENTATION
YL-M-132,ADMIN,可观测性/事故管理,/admin/132,admin_dashboard,admin_dashboard,7,P09-025,P09,P09,P09-W05,PAGE,,admin_dashboard,事故管理,d287a2c26631863f,YL-DS-1.2.0,APPROVED_REQUIRED_BEFORE_VISUAL_IMPLEMENTATION
YL-M-133,ADMIN,商业化/产品与套餐,/admin/133,admin_list,admin_list,8,P10-001|P10-002,P10,P10,P10-W01,PAGE,,admin_list,产品与套餐,90dfbb7df3629379,YL-DS-1.2.0,APPROVED_REQUIRED_BEFORE_VISUAL_IMPLEMENTATION
YL-M-134,ADMIN,商业化/订单,/admin/134,admin_list,admin_list,8,P10-003,P10,P10,P10-W01,PAGE,,admin_list,订单,5756add2ba623517,YL-DS-1.2.0,APPROVED_REQUIRED_BEFORE_VISUAL_IMPLEMENTATION
YL-M-135,ADMIN,商业化/支付回调,/admin/135,admin_list,admin_list,8,P10-004,P10,P10,P10-W01,PAGE,,admin_list,支付回调,a13f1f63e34ccc18,YL-DS-1.2.0,APPROVED_REQUIRED_BEFORE_VISUAL_IMPLEMENTATION
YL-M-136,ADMIN,商业化/钱包,/admin/136,admin_list,admin_list,8,P10-005|P10-006|P10-008|P10-009,P10,P10,P10-W01|P10-W02,PAGE,,admin_list,钱包,db049f8c428761e8,YL-DS-1.2.0,APPROVED_REQUIRED_BEFORE_VISUAL_IMPLEMENTATION
YL-M-137,ADMIN,商业化/订阅,/admin/137,admin_list,admin_list,8,P10-011,P10,P10,P10-W02,PAGE,,admin_list,订阅,a4e6369f485be707,YL-DS-1.2.0,APPROVED_REQUIRED_BEFORE_VISUAL_IMPLEMENTATION
YL-M-138,ADMIN,商业化/权益,/admin/138,admin_list,admin_list,8,P10-012,P10,P10,P10-W02,PAGE,,admin_list,权益,be451094b41cb3da,YL-DS-1.2.0,APPROVED_REQUIRED_BEFORE_VISUAL_IMPLEMENTATION
YL-M-139,ADMIN,商业化/用量,/admin/139,admin_list,admin_list,8,P10-013|P10-016,P10,P10,P10-W03,PAGE,,admin_list,用量,c3824256919b7bd4,YL-DS-1.2.0,APPROVED_REQUIRED_BEFORE_VISUAL_IMPLEMENTATION
YL-M-140,ADMIN,Sub2API与通道/用户映射,/admin/140,admin_config,admin_config,11,P10-017|P10-018,P10,P10,P10-W03,PAGE,,admin_config,用户映射,776fdb7e6e4e4f3f,YL-DS-1.2.0,APPROVED_REQUIRED_BEFORE_VISUAL_IMPLEMENTATION
YL-M-141,ADMIN,Sub2API与通道/API Key映射,/admin/141,admin_config,admin_config,11,P10-019,P10,P10,P10-W04,PAGE,,admin_config,API Key映射,983f7f552d8880c9,YL-DS-1.2.0,APPROVED_REQUIRED_BEFORE_VISUAL_IMPLEMENTATION
YL-M-142,ADMIN,Sub2API与通道/余额同步,/admin/142,admin_config,admin_config,11,P10-020,P10,P10,P10-W04,PAGE,,admin_config,余额同步,db2342092bf9302e,YL-DS-1.2.0,APPROVED_REQUIRED_BEFORE_VISUAL_IMPLEMENTATION
YL-M-143,ADMIN,Sub2API与通道/套餐同步,/admin/143,admin_config,admin_config,11,P10-021,P10,P10,P10-W04,PAGE,,admin_config,套餐同步,83787bcd3e9ffe6b,YL-DS-1.2.0,APPROVED_REQUIRED_BEFORE_VISUAL_IMPLEMENTATION
YL-M-144,ADMIN,Sub2API与通道/用量同步,/admin/144,admin_config,admin_config,11,P10-022,P10,P10,P10-W04,PAGE,,admin_config,用量同步,9c28096090973f01,YL-DS-1.2.0,APPROVED_REQUIRED_BEFORE_VISUAL_IMPLEMENTATION
YL-M-145,ADMIN,商业化/对账,/admin/145,admin_list,admin_list,8,P10-023,P10,P10,P10-W04,PAGE,,admin_list,对账,31bc0995a8d5b7b1,YL-DS-1.2.0,APPROVED_REQUIRED_BEFORE_VISUAL_IMPLEMENTATION
YL-M-146,ADMIN,Sub2API与通道/同步任务,/admin/146,admin_config,admin_config,11,P10-024,P10,P10,P10-W04,PAGE,,admin_config,同步任务,e2136921638f9da4,YL-DS-1.2.0,APPROVED_REQUIRED_BEFORE_VISUAL_IMPLEMENTATION
YL-M-147,ADMIN,商业化/交易管理,/admin/147,admin_list,admin_list,8,P10-025,P10,P10,P10-W05,PAGE,,admin_list,交易管理,5bc8aca73a86bbfe,YL-DS-1.2.0,APPROVED_REQUIRED_BEFORE_VISUAL_IMPLEMENTATION
YL-M-148,ADMIN,商业化/钱包与账本,/admin/148,admin_list,admin_list,8,P10-026,P10,P10,P10-W05,PAGE,,admin_list,钱包与账本,40b54572409da46e,YL-DS-1.2.0,APPROVED_REQUIRED_BEFORE_VISUAL_IMPLEMENTATION
YL-M-149,ADMIN,商业化/退款,/admin/149,admin_list,admin_list,8,P10-027,P10,P10,P10-W05,PAGE,,admin_list,退款,3855ddd8f532b36e,YL-DS-1.2.0,APPROVED_REQUIRED_BEFORE_VISUAL_IMPLEMENTATION
YL-M-150,ADMIN,商业化/额度策略,/admin/150,admin_config,admin_list,8,P10-028,P10,P10,P10-W05,PAGE,,admin_config,额度策略,1e3779673ae06f4b,YL-DS-1.2.0,APPROVED_REQUIRED_BEFORE_VISUAL_IMPLEMENTATION
YL-M-151,ADMIN,Sub2API与通道/通道配置,/admin/151,admin_config,admin_config,11,P10-030,P10,P10,P10-W05,PAGE,,admin_config,通道配置,32bd7a2f053641d7,YL-DS-1.2.0,APPROVED_REQUIRED_BEFORE_VISUAL_IMPLEMENTATION
YL-M-152,ADMIN,开发者平台/概览,/admin/152,admin_list,admin_list,8,P11-001,P11,P11,P11-W01,PAGE,,admin_list,概览,50f0437abf9178f2,YL-DS-1.2.0,APPROVED_REQUIRED_BEFORE_VISUAL_IMPLEMENTATION
YL-M-153,ADMIN,开发者平台/开发者用户,/admin/153,admin_list,admin_list,8,P11-002|P11-031,P11,P11,P11-W01|P11-W05,PAGE,,admin_list,开发者用户,b4da3f651cc6ccde,YL-DS-1.2.0,APPROVED_REQUIRED_BEFORE_VISUAL_IMPLEMENTATION
YL-M-154,ADMIN,Sub2API与通道/OIDC,/admin/154,admin_config,admin_config,11,P11-003,P11,P11,P11-W01,PAGE,,admin_config,OIDC,f5ee0429f4692ae4,YL-DS-1.2.0,APPROVED_REQUIRED_BEFORE_VISUAL_IMPLEMENTATION
YL-M-155,ADMIN,开发者平台/API Key,/admin/155,admin_list,admin_list,8,P11-004|P11-005|P11-006|P11-007,P11,P11,P11-W01,PAGE,,admin_list,API Key,d44532fecac51a7f,YL-DS-1.2.0,APPROVED_REQUIRED_BEFORE_VISUAL_IMPLEMENTATION
YL-M-156,ADMIN,开发者平台/预算,/admin/156,admin_list,admin_list,8,P11-008|P11-009,P11,P11,P11-W02,PAGE,,admin_list,预算,92eb7f502990a84f,YL-DS-1.2.0,APPROVED_REQUIRED_BEFORE_VISUAL_IMPLEMENTATION
YL-M-157,ADMIN,开发者平台/API Key策略,/admin/157,admin_config,admin_config,11,P11-010|P11-030,P11,P11,P11-W02|P11-W05,PAGE,,admin_config,API Key策略,9dc4b2873ebe3574,YL-DS-1.2.0,APPROVED_REQUIRED_BEFORE_VISUAL_IMPLEMENTATION
YL-M-158,ADMIN,开发者平台/安全事件,/admin/158,admin_list,admin_list,8,P11-011,P11,P11,P11-W02,PAGE,,admin_list,安全事件,21dfa1b7d1aad3fa,YL-DS-1.2.0,APPROVED_REQUIRED_BEFORE_VISUAL_IMPLEMENTATION
YL-M-159,ADMIN,开发者平台/限流策略,/admin/159,admin_config,admin_config,11,P11-012,P11,P11,P11-W02,PAGE,,admin_config,限流策略,100bd75a7b00eef8,YL-DS-1.2.0,APPROVED_REQUIRED_BEFORE_VISUAL_IMPLEMENTATION
YL-M-160,ADMIN,开发者平台/API版本,/admin/160,admin_config,admin_config,11,P11-013|P11-018|P11-019|P11-032,P11,P11,P11-W02|P11-W03|P11-W05,PAGE,,admin_config,API版本,b0e96241d7b73102,YL-DS-1.2.0,APPROVED_REQUIRED_BEFORE_VISUAL_IMPLEMENTATION
YL-M-161,ADMIN,开发者平台/API日志,/admin/161,admin_dashboard,admin_dashboard,7,P11-014|P11-015|P11-016|P11-017|P11-023,P11,P11,P11-W02|P11-W03|P11-W04,PAGE,,admin_dashboard,API日志,907d78d2481b2485,YL-DS-1.2.0,APPROVED_REQUIRED_BEFORE_VISUAL_IMPLEMENTATION
YL-M-162,ADMIN,开发者平台/模型别名,/admin/162,admin_list,admin_list,8,P11-020,P11,P11,P11-W03,PAGE,,admin_list,模型别名,32b8432c2ca158b7,YL-DS-1.2.0,APPROVED_REQUIRED_BEFORE_VISUAL_IMPLEMENTATION
YL-M-163,ADMIN,开发者平台/错误码,/admin/163,admin_list,admin_list,8,P11-021,P11,P11,P11-W04,PAGE,,admin_list,错误码,aa892b11cd0e4684,YL-DS-1.2.0,APPROVED_REQUIRED_BEFORE_VISUAL_IMPLEMENTATION
YL-M-164,ADMIN,开发者平台/用量,/admin/164,admin_list,admin_list,8,P11-022,P11,P11,P11-W04,PAGE,,admin_list,用量,f753b95021256e73,YL-DS-1.2.0,APPROVED_REQUIRED_BEFORE_VISUAL_IMPLEMENTATION
YL-M-165,ADMIN,开发者平台/Playground,/admin/165,admin_list,admin_list,8,P11-024,P11,P11,P11-W04,PAGE,,admin_list,Playground,eb8b5f7471001e1a,YL-DS-1.2.0,APPROVED_REQUIRED_BEFORE_VISUAL_IMPLEMENTATION
YL-M-166,ADMIN,开发者平台/API文档,/admin/166,admin_list,admin_list,8,P11-026,P11,P11,P11-W04,PAGE,,admin_list,API文档,4b515990491151fe,YL-DS-1.2.0,APPROVED_REQUIRED_BEFORE_VISUAL_IMPLEMENTATION
YL-M-167,ADMIN,开发者平台/告警,/admin/167,admin_dashboard,admin_dashboard,7,P11-027,P11,P11,P11-W05,PAGE,,admin_dashboard,告警,5a55656f85e6df02,YL-DS-1.2.0,APPROVED_REQUIRED_BEFORE_VISUAL_IMPLEMENTATION
YL-M-168,ADMIN,开发者平台/Webhook,/admin/168,admin_list,admin_list,8,P11-028|P11-029,P11,P11,P11-W05,PAGE,,admin_list,Webhook,13a8c38a5e8f43c4,YL-DS-1.2.0,APPROVED_REQUIRED_BEFORE_VISUAL_IMPLEMENTATION
YL-M-169,ADMIN,安全与审计/WAF,/admin/169,admin_approval,admin_approval,8,P12-001,P12,P12,P12-W01,PAGE,,admin_approval,WAF,a42863c98022779f,YL-DS-1.2.0,APPROVED_REQUIRED_BEFORE_VISUAL_IMPLEMENTATION
YL-M-170,ADMIN,安全与审计/扫描结果,/admin/170,admin_approval,admin_approval,8,P12-002|P12-003,P12,P12,P12-W01,PAGE,,admin_approval,扫描结果,7c91acb739267681,YL-DS-1.2.0,APPROVED_REQUIRED_BEFORE_VISUAL_IMPLEMENTATION
YL-M-171,ADMIN,安全与审计/密钥管理,/admin/171,admin_approval,admin_approval,8,P12-004,P12,P12,P12-W01,PAGE,,admin_approval,密钥管理,995cf344c8f5eaa1,YL-DS-1.2.0,APPROVED_REQUIRED_BEFORE_VISUAL_IMPLEMENTATION
YL-M-172,ADMIN,安全与审计/操作审计,/admin/172,admin_approval,admin_approval,8,P12-005,P12,P12,P12-W01,PAGE,,admin_approval,操作审计,267822ffa9bee5ec,YL-DS-1.2.0,APPROVED_REQUIRED_BEFORE_VISUAL_IMPLEMENTATION
YL-M-173,ADMIN,安全与审计/风险事件,/admin/173,admin_approval,admin_approval,8,P12-006,P12,P12,P12-W02,PAGE,,admin_approval,风险事件,a1b3a47a9e9a1464,YL-DS-1.2.0,APPROVED_REQUIRED_BEFORE_VISUAL_IMPLEMENTATION
YL-M-174,ADMIN,安全与审计/审批,/admin/174,admin_approval,admin_approval,8,P12-007,P12,P12,P12-W02,PAGE,,admin_approval,审批,960dc5674a354153,YL-DS-1.2.0,APPROVED_REQUIRED_BEFORE_VISUAL_IMPLEMENTATION
YL-M-175,ADMIN,可观测性/指标,/admin/175,admin_dashboard,admin_dashboard,7,P12-008,P12,P12,P12-W02,PAGE,,admin_dashboard,指标,12e11c6660e25ba5,YL-DS-1.2.0,APPROVED_REQUIRED_BEFORE_VISUAL_IMPLEMENTATION
YL-M-176,ADMIN,可观测性/日志,/admin/176,admin_dashboard,admin_dashboard,7,P12-009,P12,P12,P12-W02,PAGE,,admin_dashboard,日志,d0a3de5a83fb74ec,YL-DS-1.2.0,APPROVED_REQUIRED_BEFORE_VISUAL_IMPLEMENTATION
YL-M-177,ADMIN,可观测性/链路,/admin/177,admin_dashboard,admin_dashboard,7,P12-010,P12,P12,P12-W02,PAGE,,admin_dashboard,链路,e9b872ac8c4a29c7,YL-DS-1.2.0,APPROVED_REQUIRED_BEFORE_VISUAL_IMPLEMENTATION
YL-M-178,ADMIN,可观测性/告警,/admin/178,admin_dashboard,admin_dashboard,7,P12-011,P12,P12,P12-W03,PAGE,,admin_dashboard,告警,19369598caff76a9,YL-DS-1.2.0,APPROVED_REQUIRED_BEFORE_VISUAL_IMPLEMENTATION
YL-M-179,ADMIN,可观测性/事故,/admin/179,admin_dashboard,admin_dashboard,7,P12-012,P12,P12,P12-W03,PAGE,,admin_dashboard,事故,cc062e7e0ab98a1f,YL-DS-1.2.0,APPROVED_REQUIRED_BEFORE_VISUAL_IMPLEMENTATION
YL-M-180,ADMIN,可观测性/压测,/admin/180,admin_dashboard,admin_dashboard,7,P12-013|P12-014|P12-015,P12,P12,P12-W03,PAGE,,admin_dashboard,压测,9ecab4c2b4fd4644,YL-DS-1.2.0,APPROVED_REQUIRED_BEFORE_VISUAL_IMPLEMENTATION
YL-M-181,ADMIN,可观测性/数据库,/admin/181,admin_list,admin_list,8,P12-017,P12,P12,P12-W04,PAGE,,admin_list,数据库,81801d285f92d5a6,YL-DS-1.2.0,APPROVED_REQUIRED_BEFORE_VISUAL_IMPLEMENTATION
YL-M-182,ADMIN,可观测性/恢复演练,/admin/182,admin_list,admin_list,8,P12-018|P12-019|P12-022|P13-005,P12|P13,P12,P12-W04|P12-W05|P13-W01,PAGE,,admin_list,恢复演练,a26ae3299f006cde,YL-DS-1.2.0,APPROVED_REQUIRED_BEFORE_VISUAL_IMPLEMENTATION
YL-M-183,ADMIN,文件与存储/生命周期,/admin/183,admin_list,admin_list,8,P12-020,P12,P12,P12-W04,PAGE,,admin_list,生命周期,1ebda10e4bfe6965,YL-DS-1.2.0,APPROVED_REQUIRED_BEFORE_VISUAL_IMPLEMENTATION
YL-M-184,ADMIN,可观测性/备份,/admin/184,admin_list,admin_list,8,P12-021,P12,P12,P12-W05,PAGE,,admin_list,备份,280673d18fca4591,YL-DS-1.2.0,APPROVED_REQUIRED_BEFORE_VISUAL_IMPLEMENTATION
YL-M-185,ADMIN,安全与审计/隐私请求,/admin/185,admin_approval,admin_approval,8,P12-023,P12,P12,P12-W05,PAGE,,admin_approval,隐私请求,70f6f0f83f59cdeb,YL-DS-1.2.0,APPROVED_REQUIRED_BEFORE_VISUAL_IMPLEMENTATION
YL-M-186,ADMIN,系统设置/数据保留,/admin/186,admin_list,admin_list,8,P12-024,P12,P12,P12-W05,PAGE,,admin_list,数据保留,5dbf60e7f71cf982,YL-DS-1.2.0,APPROVED_REQUIRED_BEFORE_VISUAL_IMPLEMENTATION
YL-M-187,ADMIN,可观测性/运行手册,/admin/187,admin_config,admin_config,11,P12-025,P12,P12,P12-W05,PAGE,,admin_config,运行手册,a26dcd32492adec7,YL-DS-1.2.0,APPROVED_REQUIRED_BEFORE_VISUAL_IMPLEMENTATION
YL-M-188,ADMIN,质量与发布/测试,/admin/188,admin_list,admin_list,8,P13-001,P13,P13,P13-W01,PAGE,,admin_list,测试,843ff5ff9d4c11b6,YL-DS-1.2.0,APPROVED_REQUIRED_BEFORE_VISUAL_IMPLEMENTATION
YL-M-189,ADMIN,质量与发布/真机验收,/admin/189,admin_list,admin_list,8,P13-002,P13,P13,P13-W01,PAGE,,admin_list,真机验收,d963c768f1f7777a,YL-DS-1.2.0,APPROVED_REQUIRED_BEFORE_VISUAL_IMPLEMENTATION
YL-M-190,ADMIN,管理员与权限/审计,/admin/190,admin_approval,admin_approval,8,P13-003,P13,P13,P13-W01,PAGE,,admin_approval,审计,80362cd516b6a225,YL-DS-1.2.0,APPROVED_REQUIRED_BEFORE_VISUAL_IMPLEMENTATION
YL-M-191,ADMIN,模型与供应商/故障切换,/admin/191,admin_list,admin_list,8,P13-010,P13,P13,P13-W02,PAGE,,admin_list,故障切换,9b721ae333a4672a,YL-DS-1.2.0,APPROVED_REQUIRED_BEFORE_VISUAL_IMPLEMENTATION
YL-M-192,ADMIN,可观测性/容量规划,/admin/192,admin_dashboard,admin_dashboard,7,P13-011,P13,P13,P13-W03,PAGE,,admin_dashboard,容量规划,ec4fbfeae35c0f8b,YL-DS-1.2.0,APPROVED_REQUIRED_BEFORE_VISUAL_IMPLEMENTATION
YL-M-193,ADMIN,质量与发布/商业就绪,/admin/193,admin_list,admin_list,8,P13-012,P13,P13,P13-W03,PAGE,,admin_list,商业就绪,9a4129df81330352,YL-DS-1.2.0,APPROVED_REQUIRED_BEFORE_VISUAL_IMPLEMENTATION
YL-M-194,ADMIN,质量与发布/最终交付,/admin/194,admin_list,admin_list,8,P13-014,P13,P13,P13-W03,PAGE,,admin_list,最终交付,fefa6a212363a69f,YL-DS-1.2.0,APPROVED_REQUIRED_BEFORE_VISUAL_IMPLEMENTATION
YL-M-195,ADMIN,质量与发布/最终验收,/admin/195,admin_list,admin_list,8,P13-015,P13,P13,P13-W03,PAGE,,admin_list,最终验收,2dddc0303a40f8b6,YL-DS-1.2.0,APPROVED_REQUIRED_BEFORE_VISUAL_IMPLEMENTATION
YL-D-001,DEVELOPER,开发者中心,/developer/001,developer_list,developer_list,7,P00-024,P00,P00,P00-W05,PAGE,,developer_list,开发者中心,15d7631dec0632df,YL-DS-1.2.0,APPROVED_REQUIRED_BEFORE_VISUAL_IMPLEMENTATION
YL-D-002,DEVELOPER,绑定 Sub2API,/developer/002,developer_detail,developer_detail,10,P10-018,P10,P10,P10-W03,PAGE,,developer_detail,绑定 Sub2API,7090b1ba7528a3d1,YL-DS-1.2.0,APPROVED_REQUIRED_BEFORE_VISUAL_IMPLEMENTATION
YL-D-003,DEVELOPER,开发者概览,/developer/003,developer_dashboard,developer_dashboard,7,P11-001,P11,P11,P11-W01,PAGE,,developer_dashboard,开发者概览,6a1d4f4dd605e140,YL-DS-1.2.0,APPROVED_REQUIRED_BEFORE_VISUAL_IMPLEMENTATION
YL-D-004,DEVELOPER,开发者开通,/developer/004,developer_detail,developer_detail,10,P11-002,P11,P11,P11-W01,PAGE,,developer_detail,开发者开通,14afd89e6e5b0b45,YL-DS-1.2.0,APPROVED_REQUIRED_BEFORE_VISUAL_IMPLEMENTATION
YL-D-005,DEVELOPER,Sub2API登录,/developer/005,developer_detail,developer_detail,10,P11-003,P11,P11,P11-W01,PAGE,,developer_detail,Sub2API登录,4b0b6dec2ccb3bef,YL-DS-1.2.0,APPROVED_REQUIRED_BEFORE_VISUAL_IMPLEMENTATION
YL-D-006,DEVELOPER,API Key,/developer/006,developer_detail,developer_key,10,P11-004|P11-006,P11,P11,P11-W01,PAGE,,developer_detail,API Key,a1ac330009bafcab,YL-DS-1.2.0,APPROVED_REQUIRED_BEFORE_VISUAL_IMPLEMENTATION
YL-D-007,DEVELOPER,API Key创建结果,/developer/007,developer_detail,developer_key,10,P11-005,P11,P11,P11-W01,PAGE,,developer_detail,API Key创建结果,11e0218658c893c7,YL-DS-1.2.0,APPROVED_REQUIRED_BEFORE_VISUAL_IMPLEMENTATION
YL-D-008,DEVELOPER,API Key详情,/developer/008,developer_detail,developer_key,10,P11-007,P11,P11,P11-W01,PAGE,,developer_detail,API Key详情,5dd014f5063407a2,YL-DS-1.2.0,APPROVED_REQUIRED_BEFORE_VISUAL_IMPLEMENTATION
YL-D-009,DEVELOPER,API Key预算,/developer/009,developer_detail,finance,10,P11-008,P11,P11,P11-W02,PAGE,,developer_detail,API Key预算,664b32537993cf38,YL-DS-1.2.0,APPROVED_REQUIRED_BEFORE_VISUAL_IMPLEMENTATION
YL-D-010,DEVELOPER,预算与告警,/developer/010,developer_list,finance,10,P11-009|P11-027,P11,P11,P11-W02|P11-W05,PAGE,,developer_list,预算与告警,b4eeeff99e57ec84,YL-DS-1.2.0,APPROVED_REQUIRED_BEFORE_VISUAL_IMPLEMENTATION
YL-D-011,DEVELOPER,API Key安全,/developer/011,developer_detail,developer_key,10,P11-010,P11,P11,P11-W02,PAGE,,developer_detail,API Key安全,4e9861487ee94315,YL-DS-1.2.0,APPROVED_REQUIRED_BEFORE_VISUAL_IMPLEMENTATION
YL-D-012,DEVELOPER,用量统计,/developer/012,developer_list,finance,10,P11-022,P11,P11,P11-W04,PAGE,,developer_list,用量统计,2f35bc9821ae5a7b,YL-DS-1.2.0,APPROVED_REQUIRED_BEFORE_VISUAL_IMPLEMENTATION
YL-D-013,DEVELOPER,调用日志,/developer/013,developer_list,developer_list,7,P11-023,P11,P11,P11-W04,PAGE,,developer_list,调用日志,0e772061b985ce4b,YL-DS-1.2.0,APPROVED_REQUIRED_BEFORE_VISUAL_IMPLEMENTATION
YL-D-014,DEVELOPER,API Playground,/developer/014,developer_detail,developer_detail,10,P11-024,P11,P11,P11-W04,PAGE,,developer_detail,API Playground,c75d08a41d0be5b9,YL-DS-1.2.0,APPROVED_REQUIRED_BEFORE_VISUAL_IMPLEMENTATION
YL-D-015,DEVELOPER,模型与价格,/developer/015,developer_list,finance,10,P11-025,P11,P11,P11-W04,PAGE,,developer_list,模型与价格,1a7fc2c49541b36a,YL-DS-1.2.0,APPROVED_REQUIRED_BEFORE_VISUAL_IMPLEMENTATION
YL-D-016,DEVELOPER,API文档,/developer/016,developer_docs,developer_docs,6,P11-026,P11,P11,P11-W04,PAGE,,developer_docs,API文档,f44823028de9b4af,YL-DS-1.2.0,APPROVED_REQUIRED_BEFORE_VISUAL_IMPLEMENTATION
YL-D-017,DEVELOPER,Webhook,/developer/017,developer_list,developer_list,7,P11-028,P11,P11,P11-W05,PAGE,,developer_list,Webhook,4f6a5e14c5e9df98,YL-DS-1.2.0,APPROVED_REQUIRED_BEFORE_VISUAL_IMPLEMENTATION
YL-W-001,WEB,安全验证承载页,https://auth.orbexa.cc/security/turnstile,public_web,public_web,7,P01-003|P02-005|P02-022,P01|P02,P01,P01-W01|P02-W01|P02-W05,PAGE,,public_web,安全验证承载页,cdf12cd1e61e6019,YL-DS-1.2.0,APPROVED_REQUIRED_BEFORE_VISUAL_IMPLEMENTATION
YL-W-002,WEB,邮箱验证状态页,https://auth.orbexa.cc/email/verify,public_web,public_web,7,P01-004|P01-005|P02-007|P02-015,P01|P02,P01,P01-W01|P02-W02|P02-W03,PAGE,,public_web,邮箱验证状态页,f94c60ee08809fe4,YL-DS-1.2.0,APPROVED_REQUIRED_BEFORE_VISUAL_IMPLEMENTATION
YL-W-003,WEB,YLVEN OIDC 授权与回调页,https://auth.orbexa.cc/oauth/authorize,public_web,public_web,7,P10-019|P11-003,P10|P11,P10,P10-W04|P11-W01,PAGE,,public_web,YLVEN OIDC 授权与回调页,4a4d3bdfd9da3682,YL-DS-1.2.0,APPROVED_REQUIRED_BEFORE_VISUAL_IMPLEMENTATION
YL-W-004,WEB,APK 下载与更新页,https://download.orbexa.cc,public_web,public_web,7,P09-023|P13-013,P09|P13,P09,P09-W05|P13-W03,PAGE,,public_web,APK 下载与更新页,cce33944d4d8afef,YL-DS-1.2.0,APPROVED_REQUIRED_BEFORE_VISUAL_IMPLEMENTATION
YL-W-005,WEB,公开服务状态页,https://status.orbexa.cc,public_web,public_web,7,P04-030|P09-025|P12-012,P04|P09|P12,P04,P04-W05|P09-W05|P12-W03,PAGE,,public_web,公开服务状态页,fa144fc4e0773449,YL-DS-1.2.0,APPROVED_REQUIRED_BEFORE_VISUAL_IMPLEMENTATION
YL-W-006,WEB,会话或作品安全分享页,https://app.orbexa.cc/share,public_web,public_web,7,P03-024|P08-020,P03|P08,P03,P03-W04|P08-W04,PAGE,,public_web,会话或作品安全分享页,52d98671a9fc7d82,YL-DS-1.2.0,APPROVED_REQUIRED_BEFORE_VISUAL_IMPLEMENTATION
YL-W-007,WEB,维护、错误与不兼容提示页,https://orbexa.cc/system-message,public_web,public_web,7,P12-012|P13-014,P12|P13,P12,P12-W03|P13-W03,PAGE,,public_web,维护、错误与不兼容提示页,7c2c17faa117dfcb,YL-DS-1.2.0,APPROVED_REQUIRED_BEFORE_VISUAL_IMPLEMENTATION
YL-DS-001,DESIGN_SYSTEM,颜色、主题与对比度基准板,design://board/001,design_board,design_board,1,P00-004,P00,P00,P00-W01,PAGE,,design_board,颜色、主题与对比度基准板,9fc076de3a468e43,YL-DS-1.2.0,APPROVED_REQUIRED_BEFORE_VISUAL_IMPLEMENTATION
YL-DS-002,DESIGN_SYSTEM,字体、字号、行高与字重基准板,design://board/002,design_board,design_board,1,P00-004,P00,P00,P00-W01,PAGE,,design_board,字体、字号、行高与字重基准板,2889b5d6c3eb652c,YL-DS-1.2.0,APPROVED_REQUIRED_BEFORE_VISUAL_IMPLEMENTATION
YL-DS-003,DESIGN_SYSTEM,间距、网格、圆角、边框与阴影基准板,design://board/003,design_board,design_board,1,P00-004,P00,P00,P00-W01,PAGE,,design_board,间距、网格、圆角、边框与阴影基准板,e424781229aef484,YL-DS-1.2.0,APPROVED_REQUIRED_BEFORE_VISUAL_IMPLEMENTATION
YL-DS-004,DESIGN_SYSTEM,按钮、图标、Chip 与分段控件基准板,design://board/004,design_board,design_board,1,P00-004,P00,P00,P00-W01,PAGE,,design_board,按钮、图标、Chip 与分段控件基准板,f14c3e54dcf7507b,YL-DS-1.2.0,APPROVED_REQUIRED_BEFORE_VISUAL_IMPLEMENTATION
YL-DS-005,DESIGN_SYSTEM,输入框、验证码、搜索和表单基准板,design://board/005,design_board,design_board,1,P00-004,P00,P00,P00-W01,PAGE,,design_board,输入框、验证码、搜索和表单基准板,8a67b4993eb75b7e,YL-DS-1.2.0,APPROVED_REQUIRED_BEFORE_VISUAL_IMPLEMENTATION
YL-DS-006,DESIGN_SYSTEM,顶部栏、底部导航、侧栏和标签页基准板,design://board/006,design_board,design_board,1,P00-004,P00,P00,P00-W01,PAGE,,design_board,顶部栏、底部导航、侧栏和标签页基准板,b6dec54ccb7ee846,YL-DS-1.2.0,APPROVED_REQUIRED_BEFORE_VISUAL_IMPLEMENTATION
YL-DS-007,DESIGN_SYSTEM,卡片、列表、表格、筛选和分页基准板,design://board/007,design_board,design_board,1,P00-004,P00,P00,P00-W01,PAGE,,design_board,卡片、列表、表格、筛选和分页基准板,30a723b1cc6990bc,YL-DS-1.2.0,APPROVED_REQUIRED_BEFORE_VISUAL_IMPLEMENTATION
YL-DS-008,DESIGN_SYSTEM,Dialog、Bottom Sheet、Snackbar 与菜单基准板,design://board/008,design_board,design_board,1,P00-004,P00,P00,P00-W01,PAGE,,design_board,Dialog、Bottom Sheet、Snackbar 与菜单基准板,32d5d9a21e8647f5,YL-DS-1.2.0,APPROVED_REQUIRED_BEFORE_VISUAL_IMPLEMENTATION
YL-DS-009,DESIGN_SYSTEM,Loading、Skeleton、Empty、Offline 与 Error 基准板,design://board/009,design_board,design_board,1,P00-004,P00,P00,P00-W01,PAGE,,design_board,Loading、Skeleton、Empty、Offline 与 Error 基准板,5a713a74f797f01d,YL-DS-1.2.0,APPROVED_REQUIRED_BEFORE_VISUAL_IMPLEMENTATION
YL-DS-010,DESIGN_SYSTEM,聊天消息、模型标签、代码、表格和引用基准板,design://board/010,design_board,design_board,1,P00-004,P00,P00,P00-W01,PAGE,,design_board,聊天消息、模型标签、代码、表格和引用基准板,938198dee9375332,YL-DS-1.2.0,APPROVED_REQUIRED_BEFORE_VISUAL_IMPLEMENTATION
YL-DS-011,DESIGN_SYSTEM,文件、附件、上传、解析和资料库基准板,design://board/011,design_board,design_board,1,P00-004,P00,P00,P00-W01,PAGE,,design_board,文件、附件、上传、解析和资料库基准板,0a22a7d33f91e0c0,YL-DS-1.2.0,APPROVED_REQUIRED_BEFORE_VISUAL_IMPLEMENTATION
YL-DS-012,DESIGN_SYSTEM,图片工作台、任务、结果和编辑基准板,design://board/012,design_board,design_board,1,P00-004,P00,P00,P00-W01,PAGE,,design_board,图片工作台、任务、结果和编辑基准板,4db8baa7cd3e90d2,YL-DS-1.2.0,APPROVED_REQUIRED_BEFORE_VISUAL_IMPLEMENTATION
YL-DS-013,DESIGN_SYSTEM,PPT 工作台、缩略图、预览和后台/开发者组件基准板,design://board/013,design_board,design_board,1,P00-004,P00,P00,P00-W01,PAGE,,design_board,开发者组件基准板,f4296400a9e254bc,YL-DS-1.2.0,APPROVED_REQUIRED_BEFORE_VISUAL_IMPLEMENTATION
